lambda1,variable,rmse,mae
0.06,gdp_growth,1.75653247831897,1.5811395130800057
0.06,inflation,0.43753429896740764,0.4038057735631646
0.06,exch_rate,0.048496226611415415,0.046884096426370925
0.08,gdp_growth,1.8776732560882263,1.7110608726947867
0.08,inflation,0.4808963471423392,0.4270657206937039
0.08,exch_rate,0.04312693638354432,0.04127135839760601
0.1,gdp_growth,2.230501446245647,2.0193822157822336
0.1,inflation,0.540688798145529,0.44725869254186523
0.1,exch_rate,0.03871503955459876,0.03674577901538627
