"CubeId";"plkopr"
"PublishingDate";"2025-10-21 09:00"

"Date";"D0";"Value"
"1921-01";"LD2010100";"20.9475"
"1921-01";"VVP";
"1921-02";"LD2010100";"20.7047"
"1921-02";"VVP";
"1921-03";"LD2010100";"20.4231"
"1921-03";"VVP";
"1921-04";"LD2010100";"20.2192"
"1921-04";"VVP";
"1921-05";"LD2010100";"19.7433"
"1921-05";"VVP";
"1921-06";"LD2010100";"19.3742"
"1921-06";"VVP";
"1921-07";"LD2010100";"19.1801"
"1921-07";"VVP";
"1921-08";"LD2010100";"19.0926"
"1921-08";"VVP";
"1921-09";"LD2010100";"18.8693"
"1921-09";"VVP";
"1921-10";"LD2010100";"18.6653"
"1921-10";"VVP";
"1921-11";"LD2010100";"18.2962"
"1921-11";"VVP";
"1921-12";"LD2010100";"17.8495"
"1921-12";"VVP";
"1922-01";"LD2010100";"17.7912"
"1922-01";"VVP";"-15.06766917"
"1922-02";"LD2010100";"17.0726"
"1922-02";"VVP";"-17.54239376"
"1922-03";"LD2010100";"16.3831"
"1922-03";"VVP";"-19.7815219"
"1922-04";"LD2010100";"15.8879"
"1922-04";"VVP";"-21.42171797"
"1922-05";"LD2010100";"15.4897"
"1922-05";"VVP";"-21.54452397"
"1922-06";"LD2010100";"15.4606"
"1922-06";"VVP";"-20.20005987"
"1922-07";"LD2010100";"15.4993"
"1922-07";"VVP";"-19.19072372"
"1922-08";"LD2010100";"15.3731"
"1922-08";"VVP";"-19.48136975"
"1922-09";"LD2010100";"15.3829"
"1922-09";"VVP";"-18.47657306"
"1922-10";"LD2010100";"15.4993"
"1922-10";"VVP";"-16.96195614"
"1922-11";"LD2010100";"15.6062"
"1922-11";"VVP";"-14.70250653"
"1922-12";"LD2010100";"15.5965"
"1922-12";"VVP";"-12.6222023"
"1923-01";"LD2010100";"15.6257"
"1923-01";"VVP";"-12.17174783"
"1923-02";"LD2010100";"15.4993"
"1923-02";"VVP";"-9.21535091"
"1923-03";"LD2010100";"15.5771"
"1923-03";"VVP";"-4.91970384"
"1923-04";"LD2010100";"15.7034"
"1923-04";"VVP";"-1.16126109"
"1923-05";"LD2010100";"15.8489"
"1923-05";"VVP";"2.31896034"
"1923-06";"LD2010100";"15.9947"
"1923-06";"VVP";"3.45458779"
"1923-07";"LD2010100";"15.9947"
"1923-07";"VVP";"3.19627338"
"1923-08";"LD2010100";"15.9947"
"1923-08";"VVP";"4.0434265"
"1923-09";"LD2010100";"16.0044"
"1923-09";"VVP";"4.04020048"
"1923-10";"LD2010100";"16.053"
"1923-10";"VVP";"3.5724194"
"1923-11";"LD2010100";"16.2666"
"1923-11";"VVP";"4.23165152"
"1923-12";"LD2010100";"16.3443"
"1923-12";"VVP";"4.79466547"
"1924-01";"LD2010100";"16.4122"
"1924-01";"VVP";"5.0333745"
"1924-02";"LD2010100";"16.3346"
"1924-02";"VVP";"5.38927564"
"1924-03";"LD2010100";"16.3346"
"1924-03";"VVP";"4.86290773"
"1924-04";"LD2010100";"16.2568"
"1924-04";"VVP";"3.52407759"
"1924-05";"LD2010100";"16.2277"
"1924-05";"VVP";"2.39007124"
"1924-06";"LD2010100";"16.2764"
"1924-06";"VVP";"1.7612084"
"1924-07";"LD2010100";"16.3249"
"1924-07";"VVP";"2.06443384"
"1924-08";"LD2010100";"16.3151"
"1924-08";"VVP";"2.00316355"
"1924-09";"LD2010100";"16.3346"
"1924-09";"VVP";"2.06318262"
"1924-10";"LD2010100";"16.5871"
"1924-10";"VVP";"3.32710397"
"1924-11";"LD2010100";"16.655"
"1924-11";"VVP";"2.3877147"
"1924-12";"LD2010100";"16.6162"
"1924-12";"VVP";"1.6635769"
"1925-01";"LD2010100";"16.4803"
"1925-01";"VVP";"0.41493523"
"1925-02";"LD2010100";"16.4705"
"1925-02";"VVP";"0.8319763"
"1925-03";"LD2010100";"16.4413"
"1925-03";"VVP";"0.65321465"
"1925-04";"LD2010100";"16.3443"
"1925-04";"VVP";"0.53823631"
"1925-05";"LD2010100";"16.3151"
"1925-05";"VVP";"0.53858526"
"1925-06";"LD2010100";"16.3249"
"1925-06";"VVP";"0.29797744"
"1925-07";"LD2010100";"16.3054"
"1925-07";"VVP";"-0.11944943"
"1925-08";"LD2010100";"16.3151"
"1925-08";"VVP";"0"
"1925-09";"LD2010100";"16.3541"
"1925-09";"VVP";"0.1193785"
"1925-10";"LD2010100";"16.2472"
"1925-10";"VVP";"-2.0491828"
"1925-11";"LD2010100";"16.2375"
"1925-11";"VVP";"-2.50675473"
"1925-12";"LD2010100";"16.1986"
"1925-12";"VVP";"-2.51321"
"1926-01";"LD2010100";"16.1015"
"1926-01";"VVP";"-2.29850185"
"1926-02";"LD2010100";"15.9558"
"1926-02";"VVP";"-3.12498103"
"1926-03";"LD2010100";"15.8685"
"1926-03";"VVP";"-3.48390942"
"1926-04";"LD2010100";"15.7325"
"1926-04";"VVP";"-3.74320099"
"1926-05";"LD2010100";"15.713"
"1926-05";"VVP";"-3.69044627"
"1926-06";"LD2010100";"15.7034"
"1926-06";"VVP";"-3.80706773"
"1926-07";"LD2010100";"15.6936"
"1926-07";"VVP";"-3.7521312"
"1926-08";"LD2010100";"15.6159"
"1926-08";"VVP";"-4.28560046"
"1926-09";"LD2010100";"15.6451"
"1926-09";"VVP";"-4.3353043"
"1926-10";"LD2010100";"15.6742"
"1926-10";"VVP";"-3.52676153"
"1926-11";"LD2010100";"15.6354"
"1926-11";"VVP";"-3.70808314"
"1926-12";"LD2010100";"15.6257"
"1926-12";"VVP";"-3.5367254"
"1927-01";"LD2010100";"15.5576"
"1927-01";"VVP";"-3.37794615"
"1927-02";"LD2010100";"15.5092"
"1927-02";"VVP";"-2.79898219"
"1927-03";"LD2010100";"15.4217"
"1927-03";"VVP";"-2.81564105"
"1927-04";"LD2010100";"15.344"
"1927-04";"VVP";"-2.46941046"
"1927-05";"LD2010100";"15.4993"
"1927-05";"VVP";"-1.36002037"
"1927-06";"LD2010100";"15.5771"
"1927-06";"VVP";"-0.80428442"
"1927-07";"LD2010100";"15.5382"
"1927-07";"VVP";"-0.99021257"
"1927-08";"LD2010100";"15.5189"
"1927-08";"VVP";"-0.62116176"
"1927-09";"LD2010100";"15.6548"
"1927-09";"VVP";"0.06200024"
"1927-10";"LD2010100";"15.6839"
"1927-10";"VVP";"0.06188514"
"1927-11";"LD2010100";"15.7617"
"1927-11";"VVP";"0.80778234"
"1927-12";"LD2010100";"15.7325"
"1927-12";"VVP";"0.68348938"
"1928-01";"LD2010100";"15.6645"
"1928-01";"VVP";"0.68712398"
"1928-02";"LD2010100";"15.5965"
"1928-02";"VVP";"0.5628917"
"1928-03";"LD2010100";"15.5189"
"1928-03";"VVP";"0.63028071"
"1928-04";"LD2010100";"15.548"
"1928-04";"VVP";"1.32950991"
"1928-05";"LD2010100";"15.5771"
"1928-05";"VVP";"0.50195815"
"1928-06";"LD2010100";"15.6159"
"1928-06";"VVP";"0.24908359"
"1928-07";"LD2010100";"15.6451"
"1928-07";"VVP";"0.68798188"
"1928-08";"LD2010100";"15.5965"
"1928-08";"VVP";"0.50003544"
"1928-09";"LD2010100";"15.6354"
"1928-09";"VVP";"-0.12392365"
"1928-10";"LD2010100";"15.7325"
"1928-10";"VVP";"0.30987191"
"1928-11";"LD2010100";"15.7617"
"1928-11";"VVP";"0"
"1928-12";"LD2010100";"15.7519"
"1928-12";"VVP";"0.12331162"
"1929-01";"LD2010100";"15.6645"
"1929-01";"VVP";"0"
"1929-02";"LD2010100";"15.6645"
"1929-02";"VVP";"0.43599526"
"1929-03";"LD2010100";"15.5965"
"1929-03";"VVP";"0.50003544"
"1929-04";"LD2010100";"15.4702"
"1929-04";"VVP";"-0.5003859"
"1929-05";"LD2010100";"15.5382"
"1929-05";"VVP";"-0.24972556"
"1929-06";"LD2010100";"15.6354"
"1929-06";"VVP";"0.12487273"
"1929-07";"LD2010100";"15.6159"
"1929-07";"VVP";"-0.18663991"
"1929-08";"LD2010100";"15.6936"
"1929-08";"VVP";"0.62257558"
"1929-09";"LD2010100";"15.781"
"1929-09";"VVP";"0.93122018"
"1929-10";"LD2010100";"15.781"
"1929-10";"VVP";"0.30827904"
"1929-11";"LD2010100";"15.7325"
"1929-11";"VVP";"-0.1852592"
"1929-12";"LD2010100";"15.6839"
"1929-12";"VVP";"-0.43169395"
"1930-01";"LD2010100";"15.5965"
"1930-01";"VVP";"-0.43410259"
"1930-02";"LD2010100";"15.5189"
"1930-02";"VVP";"-0.92949025"
"1930-03";"LD2010100";"15.48"
"1930-03";"VVP";"-0.74696246"
"1930-04";"LD2010100";"15.3344"
"1930-04";"VVP";"-0.87781671"
"1930-05";"LD2010100";"15.3246"
"1930-05";"VVP";"-1.3746766"
"1930-06";"LD2010100";"15.3731"
"1930-06";"VVP";"-1.67760339"
"1930-07";"LD2010100";"15.4023"
"1930-07";"VVP";"-1.36783663"
"1930-08";"LD2010100";"15.4217"
"1930-08";"VVP";"-1.7325534"
"1930-09";"LD2010100";"15.412"
"1930-09";"VVP";"-2.33825486"
"1930-10";"LD2010100";"15.3148"
"1930-10";"VVP";"-2.95418541"
"1930-11";"LD2010100";"15.2761"
"1930-11";"VVP";"-2.90100111"
"1930-12";"LD2010100";"15.1693"
"1930-12";"VVP";"-3.28107167"
"1931-01";"LD2010100";"15.111"
"1931-01";"VVP";"-3.11287789"
"1931-02";"LD2010100";"15.0235"
"1931-02";"VVP";"-3.19223656"
"1931-03";"LD2010100";"14.8682"
"1931-03";"VVP";"-3.95219638"
"1931-04";"LD2010100";"14.6254"
"1931-04";"VVP";"-4.6235914"
"1931-05";"LD2010100";"14.5962"
"1931-05";"VVP";"-4.75314201"
"1931-06";"LD2010100";"14.5865"
"1931-06";"VVP";"-5.11672987"
"1931-07";"LD2010100";"14.5573"
"1931-07";"VVP";"-5.48619362"
"1931-08";"LD2010100";"14.4894"
"1931-08";"VVP";"-6.04537762"
"1931-09";"LD2010100";"14.4894"
"1931-09";"VVP";"-5.98624448"
"1931-10";"LD2010100";"14.3341"
"1931-10";"VVP";"-6.40360958"
"1931-11";"LD2010100";"14.2466"
"1931-11";"VVP";"-6.73928555"
"1931-12";"LD2010100";"14.0621"
"1931-12";"VVP";"-7.29895249"
"1932-01";"LD2010100";"13.9553"
"1932-01";"VVP";"-7.64807094"
"1932-02";"LD2010100";"13.8194"
"1932-02";"VVP";"-8.01477685"
"1932-03";"LD2010100";"13.7611"
"1932-03";"VVP";"-7.446093"
"1932-04";"LD2010100";"13.5669"
"1932-04";"VVP";"-7.23740889"
"1932-05";"LD2010100";"13.4698"
"1932-05";"VVP";"-7.71707705"
"1932-06";"LD2010100";"13.4308"
"1932-06";"VVP";"-7.92307956"
"1932-07";"LD2010100";"13.3629"
"1932-07";"VVP";"-8.2048182"
"1932-08";"LD2010100";"13.3046"
"1932-08";"VVP";"-8.17701216"
"1932-09";"LD2010100";"13.2463"
"1932-09";"VVP";"-8.57937527"
"1932-10";"LD2010100";"13.227"
"1932-10";"VVP";"-7.72354037"
"1932-11";"LD2010100";"13.159"
"1932-11";"VVP";"-7.63410217"
"1932-12";"LD2010100";"13.0521"
"1932-12";"VVP";"-7.18242652"
"1933-01";"LD2010100";"12.955"
"1933-01";"VVP";"-7.16788604"
"1933-02";"LD2010100";"12.8967"
"1933-02";"VVP";"-6.67684559"
"1933-03";"LD2010100";"12.8288"
"1933-03";"VVP";"-6.77489445"
"1933-04";"LD2010100";"12.7413"
"1933-04";"VVP";"-6.08539902"
"1933-05";"LD2010100";"12.6733"
"1933-05";"VVP";"-5.91322811"
"1933-06";"LD2010100";"12.7025"
"1933-06";"VVP";"-5.42261072"
"1933-07";"LD2010100";"12.6929"
"1933-07";"VVP";"-5.01388172"
"1933-08";"LD2010100";"12.6929"
"1933-08";"VVP";"-4.59765795"
"1933-09";"LD2010100";"12.7413"
"1933-09";"VVP";"-3.81238535"
"1933-10";"LD2010100";"12.7413"
"1933-10";"VVP";"-3.67203447"
"1933-11";"LD2010100";"12.7608"
"1933-11";"VVP";"-3.02606581"
"1933-12";"LD2010100";"12.7511"
"1933-12";"VVP";"-2.30614231"
"1934-01";"LD2010100";"12.7316"
"1934-01";"VVP";"-1.72443072"
"1934-02";"LD2010100";"12.7025"
"1934-02";"VVP";"-1.50581156"
"1934-03";"LD2010100";"12.6346"
"1934-03";"VVP";"-1.51378149"
"1934-04";"LD2010100";"12.615"
"1934-04";"VVP";"-0.99126463"
"1934-05";"LD2010100";"12.5471"
"1934-05";"VVP";"-0.99579431"
"1934-06";"LD2010100";"12.5763"
"1934-06";"VVP";"-0.99350522"
"1934-07";"LD2010100";"12.5277"
"1934-07";"VVP";"-1.30151502"
"1934-08";"LD2010100";"12.4986"
"1934-08";"VVP";"-1.53077705"
"1934-09";"LD2010100";"12.5083"
"1934-09";"VVP";"-1.8286988"
"1934-10";"LD2010100";"12.5083"
"1934-10";"VVP";"-1.8286988"
"1934-11";"LD2010100";"12.5277"
"1934-11";"VVP";"-1.82668798"
"1934-12";"LD2010100";"12.5083"
"1934-12";"VVP";"-1.90414945"
"1935-01";"LD2010100";"12.4305"
"1935-01";"VVP";"-2.36498162"
"1935-02";"LD2010100";"12.382"
"1935-02";"VVP";"-2.52312537"
"1935-03";"LD2010100";"12.3529"
"1935-03";"VVP";"-2.22959176"
"1935-04";"LD2010100";"12.2946"
"1935-04";"VVP";"-2.53983353"
"1935-05";"LD2010100";"12.2654"
"1935-05";"VVP";"-2.24514031"
"1935-06";"LD2010100";"12.3626"
"1935-06";"VVP";"-1.69922791"
"1935-07";"LD2010100";"12.4501"
"1935-07";"VVP";"-0.61942735"
"1935-08";"LD2010100";"12.4986"
"1935-08";"VVP";"0"
"1935-09";"LD2010100";"12.5083"
"1935-09";"VVP";"0"
"1935-10";"LD2010100";"12.5568"
"1935-10";"VVP";"0.38774254"
"1935-11";"LD2010100";"12.615"
"1935-11";"VVP";"0.69685577"
"1935-12";"LD2010100";"12.6249"
"1935-12";"VVP";"0.93218103"
"1936-01";"LD2010100";"12.5957"
"1936-01";"VVP";"1.32898918"
"1936-02";"LD2010100";"12.5763"
"1936-02";"VVP";"1.56921337"
"1936-03";"LD2010100";"12.5957"
"1936-03";"VVP";"1.96553036"
"1936-04";"LD2010100";"12.615"
"1936-04";"VVP";"2.60602216"
"1936-05";"LD2010100";"12.5763"
"1936-05";"VVP";"2.53477261"
"1936-06";"LD2010100";"12.6346"
"1936-06";"VVP";"2.20018443"
"1936-07";"LD2010100";"12.6442"
"1936-07";"VVP";"1.55902362"
"1936-08";"LD2010100";"12.6442"
"1936-08";"VVP";"1.16493047"
"1936-09";"LD2010100";"12.6733"
"1936-09";"VVP";"1.3191241"
"1936-10";"LD2010100";"12.7802"
"1936-10";"VVP";"1.7791157"
"1936-11";"LD2010100";"12.8191"
"1936-11";"VVP";"1.61791518"
"1936-12";"LD2010100";"12.8191"
"1936-12";"VVP";"1.53823001"
"1937-01";"LD2010100";"12.9646"
"1937-01";"VVP";"2.92877728"
"1937-02";"LD2010100";"13.2463"
"1937-02";"VVP";"5.32748106"
"1937-03";"LD2010100";"13.2366"
"1937-03";"VVP";"5.0882444"
"1937-04";"LD2010100";"13.2755"
"1937-04";"VVP";"5.23583036"
"1937-05";"LD2010100";"13.2366"
"1937-05";"VVP";"5.25035185"
"1937-06";"LD2010100";"13.324"
"1937-06";"VVP";"5.456445"
"1937-07";"LD2010100";"13.3144"
"1937-07";"VVP";"5.30045396"
"1937-08";"LD2010100";"13.3046"
"1937-08";"VVP";"5.22294807"
"1937-09";"LD2010100";"13.3046"
"1937-09";"VVP";"4.98133872"
"1937-10";"LD2010100";"13.3629"
"1937-10";"VVP";"4.55939657"
"1937-11";"LD2010100";"13.3823"
"1937-11";"VVP";"4.39344416"
"1937-12";"LD2010100";"13.3823"
"1937-12";"VVP";"4.39344416"
"1938-01";"LD2010100";"13.3823"
"1938-01";"VVP";"3.22185027"
"1938-02";"LD2010100";"13.3435"
"1938-02";"VVP";"0.73378981"
"1938-03";"LD2010100";"13.3046"
"1938-03";"VVP";"0.51372709"
"1938-04";"LD2010100";"13.2561"
"1938-04";"VVP";"-0.14613386"
"1938-05";"LD2010100";"13.2366"
"1938-05";"VVP";"0"
"1938-06";"LD2010100";"13.2949"
"1938-06";"VVP";"-0.21840288"
"1938-07";"LD2010100";"13.2853"
"1938-07";"VVP";"-0.21856036"
"1938-08";"LD2010100";"13.2463"
"1938-08";"VVP";"-0.43819431"
"1938-09";"LD2010100";"13.3338"
"1938-09";"VVP";"0.21947296"
"1938-10";"LD2010100";"13.3144"
"1938-10";"VVP";"-0.36294517"
"1938-11";"LD2010100";"13.3144"
"1938-11";"VVP";"-0.50738662"
"1938-12";"LD2010100";"13.2949"
"1938-12";"VVP";"-0.65310148"
"1939-01";"LD2010100";"13.2657"
"1939-01";"VVP";"-0.87130015"
"1939-02";"LD2010100";"13.2074"
"1939-02";"VVP";"-1.01997227"
"1939-03";"LD2010100";"13.1978"
"1939-03";"VVP";"-0.80272988"
"1939-04";"LD2010100";"13.2463"
"1939-04";"VVP";"-0.07392823"
"1939-05";"LD2010100";"13.2755"
"1939-05";"VVP";"0.29388211"
"1939-06";"LD2010100";"13.3435"
"1939-06";"VVP";"0.36555371"
"1939-07";"LD2010100";"13.3532"
"1939-07";"VVP";"0.51109121"
"1939-08";"LD2010100";"13.324"
"1939-08";"VVP";"0.58657889"
"1939-09";"LD2010100";"13.4212"
"1939-09";"VVP";"0.65547706"
"1939-10";"LD2010100";"13.6445"
"1939-10";"VVP";"2.47927056"
"1939-11";"LD2010100";"13.7611"
"1939-11";"VVP";"3.35501412"
"1939-12";"LD2010100";"13.7902"
"1939-12";"VVP";"3.72548872"
"1940-01";"LD2010100";"14.0039"
"1940-01";"VVP";"5.56472708"
"1940-02";"LD2010100";"14.0427"
"1940-02";"VVP";"6.32448476"
"1940-03";"LD2010100";"14.0621"
"1940-03";"VVP";"6.54881874"
"1940-04";"LD2010100";"14.3049"
"1940-04";"VVP";"7.9916656"
"1940-05";"LD2010100";"14.3923"
"1940-05";"VVP";"8.41248917"
"1940-06";"LD2010100";"14.5282"
"1940-06";"VVP";"8.87848016"
"1940-07";"LD2010100";"14.6254"
"1940-07";"VVP";"9.52730432"
"1940-08";"LD2010100";"14.6642"
"1940-08";"VVP";"10.05854098"
"1940-09";"LD2010100";"14.8778"
"1940-09";"VVP";"10.85297887"
"1940-10";"LD2010100";"15.2178"
"1940-10";"VVP";"11.53065338"
"1940-11";"LD2010100";"15.4606"
"1940-11";"VVP";"12.35003016"
"1940-12";"LD2010100";"15.5285"
"1940-12";"VVP";"12.60532842"
"1941-01";"LD2010100";"15.8198"
"1941-01";"VVP";"12.96710202"
"1941-02";"LD2010100";"15.8198"
"1941-02";"VVP";"12.65497376"
"1941-03";"LD2010100";"15.8976"
"1941-03";"VVP";"13.05281572"
"1941-04";"LD2010100";"16.3831"
"1941-04";"VVP";"14.52788905"
"1941-05";"LD2010100";"16.626"
"1941-05";"VVP";"15.5201045"
"1941-06";"LD2010100";"16.9755"
"1941-06";"VVP";"16.84517008"
"1941-07";"LD2010100";"17.1988"
"1941-07";"VVP";"17.59541619"
"1941-08";"LD2010100";"17.2571"
"1941-08";"VVP";"17.6818374"
"1941-09";"LD2010100";"17.3057"
"1941-09";"VVP";"16.31894501"
"1941-10";"LD2010100";"17.6457"
"1941-10";"VVP";"15.95434294"
"1941-11";"LD2010100";"17.8495"
"1941-11";"VVP";"15.45153487"
"1941-12";"LD2010100";"17.8981"
"1941-12";"VVP";"15.25968381"
"1942-01";"LD2010100";"18.0923"
"1942-01";"VVP";"14.3649098"
"1942-02";"LD2010100";"18.2477"
"1942-02";"VVP";"15.3472231"
"1942-03";"LD2010100";"18.3253"
"1942-03";"VVP";"15.27085849"
"1942-04";"LD2010100";"18.5585"
"1942-04";"VVP";"13.27831729"
"1942-05";"LD2010100";"18.675"
"1942-05";"VVP";"12.32407073"
"1942-06";"LD2010100";"18.7139"
"1942-06";"VVP";"10.24064092"
"1942-07";"LD2010100";"18.9956"
"1942-07";"VVP";"10.44724051"
"1942-08";"LD2010100";"18.9566"
"1942-08";"VVP";"9.84812048"
"1942-09";"LD2010100";"18.976"
"1942-09";"VVP";"9.65173324"
"1942-10";"LD2010100";"19.1703"
"1942-10";"VVP";"8.64006529"
"1942-11";"LD2010100";"19.2869"
"1942-11";"VVP";"8.05288664"
"1942-12";"LD2010100";"19.3839"
"1942-12";"VVP";"8.30143982"
"1943-01";"LD2010100";"19.5005"
"1943-01";"VVP";"7.78342168"
"1943-02";"LD2010100";"19.5393"
"1943-02";"VVP";"7.07815232"
"1943-03";"LD2010100";"19.5588"
"1943-03";"VVP";"6.73113128"
"1943-04";"LD2010100";"19.6752"
"1943-04";"VVP";"6.01718889"
"1943-05";"LD2010100";"19.685"
"1943-05";"VVP";"5.40829987"
"1943-06";"LD2010100";"19.7433"
"1943-06";"VVP";"5.50072406"
"1943-07";"LD2010100";"19.8015"
"1943-07";"VVP";"4.24256144"
"1943-08";"LD2010100";"19.7627"
"1943-08";"VVP";"4.25234483"
"1943-09";"LD2010100";"19.8307"
"1943-09";"VVP";"4.50411046"
"1943-10";"LD2010100";"19.8987"
"1943-10";"VVP";"3.79962755"
"1943-11";"LD2010100";"19.918"
"1943-11";"VVP";"3.27216919"
"1943-12";"LD2010100";"19.9376"
"1943-12";"VVP";"2.85649431"
"1944-01";"LD2010100";"19.9666"
"1944-01";"VVP";"2.39019512"
"1944-02";"LD2010100";"19.9958"
"1944-02";"VVP";"2.33631706"
"1944-03";"LD2010100";"20.0444"
"1944-03";"VVP";"2.4827699"
"1944-04";"LD2010100";"20.1123"
"1944-04";"VVP";"2.22157843"
"1944-05";"LD2010100";"20.1512"
"1944-05";"VVP";"2.36830074"
"1944-06";"LD2010100";"20.2192"
"1944-06";"VVP";"2.41043797"
"1944-07";"LD2010100";"20.2775"
"1944-07";"VVP";"2.40385829"
"1944-08";"LD2010100";"20.1997"
"1944-08";"VVP";"2.21123632"
"1944-09";"LD2010100";"20.1997"
"1944-09";"VVP";"1.86075126"
"1944-10";"LD2010100";"20.2192"
"1944-10";"VVP";"1.61065798"
"1944-11";"LD2010100";"20.2192"
"1944-11";"VVP";"1.51220002"
"1944-12";"LD2010100";"20.2192"
"1944-12";"VVP";"1.41240671"
"1945-01";"LD2010100";"20.2483"
"1945-01";"VVP";"1.41085613"
"1945-02";"LD2010100";"20.2676"
"1945-02";"VVP";"1.35928545"
"1945-03";"LD2010100";"20.2775"
"1945-03";"VVP";"1.16291832"
"1945-04";"LD2010100";"20.3259"
"1945-04";"VVP";"1.06203666"
"1945-05";"LD2010100";"20.3551"
"1945-05";"VVP";"1.01185041"
"1945-06";"LD2010100";"20.4231"
"1945-06";"VVP";"1.00844742"
"1945-07";"LD2010100";"20.4425"
"1945-07";"VVP";"0.81370978"
"1945-08";"LD2010100";"20.394"
"1945-08";"VVP";"0.96189547"
"1945-09";"LD2010100";"20.3648"
"1945-09";"VVP";"0.81733887"
"1945-10";"LD2010100";"20.2289"
"1945-10";"VVP";"0.0479742"
"1945-11";"LD2010100";"20.0735"
"1945-11";"VVP";"-0.7206022"
"1945-12";"LD2010100";"20.0735"
"1945-12";"VVP";"-0.7206022"
"1946-01";"LD2010100";"20.0831"
"1946-01";"VVP";"-0.81587096"
"1946-02";"LD2010100";"19.9958"
"1946-02";"VVP";"-1.34105666"
"1946-03";"LD2010100";"19.8987"
"1946-03";"VVP";"-1.86808038"
"1946-04";"LD2010100";"19.918"
"1946-04";"VVP";"-2.00679921"
"1946-05";"LD2010100";"20.0444"
"1946-05";"VVP";"-1.52639879"
"1946-06";"LD2010100";"20.1317"
"1946-06";"VVP";"-1.42681571"
"1946-07";"LD2010100";"20.1123"
"1946-07";"VVP";"-1.61526232"
"1946-08";"LD2010100";"20.1221"
"1946-08";"VVP";"-1.33323527"
"1946-09";"LD2010100";"20.1317"
"1946-09";"VVP";"-1.14462209"
"1946-10";"LD2010100";"20.5396"
"1946-10";"VVP";"1.53592138"
"1946-11";"LD2010100";"20.5687"
"1946-11";"VVP";"2.46693402"
"1946-12";"LD2010100";"20.5882"
"1946-12";"VVP";"2.56407702"
"1947-01";"LD2010100";"20.6172"
"1947-01";"VVP";"2.65944999"
"1947-02";"LD2010100";"20.6076"
"1947-02";"VVP";"3.05964252"
"1947-03";"LD2010100";"20.6172"
"1947-03";"VVP";"3.61078864"
"1947-04";"LD2010100";"20.7047"
"1947-04";"VVP";"3.94969374"
"1947-05";"LD2010100";"20.9961"
"1947-05";"VVP";"4.74795953"
"1947-06";"LD2010100";"21.1126"
"1947-06";"VVP";"4.87241515"
"1947-07";"LD2010100";"21.1126"
"1947-07";"VVP";"4.97357339"
"1947-08";"LD2010100";"21.1224"
"1947-08";"VVP";"4.97115112"
"1947-09";"LD2010100";"21.1513"
"1947-09";"VVP";"5.06464928"
"1947-10";"LD2010100";"21.6273"
"1947-10";"VVP";"5.29562406"
"1947-11";"LD2010100";"21.6565"
"1947-11";"VVP";"5.28861814"
"1947-12";"LD2010100";"21.6856"
"1947-12";"VVP";"5.33023771"
"1948-01";"LD2010100";"21.7147"
"1948-01";"VVP";"5.32322527"
"1948-02";"LD2010100";"21.7014"
"1948-02";"VVP";"5.30775054"
"1948-03";"LD2010100";"21.6481"
"1948-03";"VVP";"5.00019401"
"1948-04";"LD2010100";"21.6481"
"1948-04";"VVP";"4.55645337"
"1948-05";"LD2010100";"21.6614"
"1948-05";"VVP";"3.16868371"
"1948-06";"LD2010100";"21.7147"
"1948-06";"VVP";"2.8518515"
"1948-07";"LD2010100";"21.6481"
"1948-07";"VVP";"2.53640006"
"1948-08";"LD2010100";"21.6214"
"1948-08";"VVP";"2.36242094"
"1948-09";"LD2010100";"21.6614"
"1948-09";"VVP";"2.4116721"
"1948-10";"LD2010100";"21.6747"
"1948-10";"VVP";"0.21916744"
"1948-11";"LD2010100";"21.9678"
"1948-11";"VVP";"1.43744372"
"1948-12";"LD2010100";"21.808"
"1948-12";"VVP";"0.56442985"
"1949-01";"LD2010100";"21.728"
"1949-01";"VVP";"0.06124883"
"1949-02";"LD2010100";"21.6481"
"1949-02";"VVP";"-0.24560627"
"1949-03";"LD2010100";"21.5549"
"1949-03";"VVP";"-0.43052277"
"1949-04";"LD2010100";"21.4749"
"1949-04";"VVP";"-0.80007021"
"1949-05";"LD2010100";"21.5016"
"1949-05";"VVP";"-0.73771778"
"1949-06";"LD2010100";"21.5549"
"1949-06";"VVP";"-0.73590701"
"1949-07";"LD2010100";"21.4882"
"1949-07";"VVP";"-0.73863295"
"1949-08";"LD2010100";"21.5016"
"1949-08";"VVP";"-0.55408068"
"1949-09";"LD2010100";"21.5549"
"1949-09";"VVP";"-0.49165797"
"1949-10";"LD2010100";"21.4882"
"1949-10";"VVP";"-0.8604502"
"1949-11";"LD2010100";"21.4483"
"1949-11";"VVP";"-2.36482488"
"1949-12";"LD2010100";"21.395"
"1949-12";"VVP";"-1.89380044"
"1950-01";"LD2010100";"21.1685"
"1950-01";"VVP";"-2.57501841"
"1950-02";"LD2010100";"21.0885"
"1950-02";"VVP";"-2.58498436"
"1950-03";"LD2010100";"21.0486"
"1950-03";"VVP";"-2.34888587"
"1950-04";"LD2010100";"20.982"
"1950-04";"VVP";"-2.2952377"
"1950-05";"LD2010100";"21.0753"
"1950-05";"VVP";"-1.98264315"
"1950-06";"LD2010100";"21.1019"
"1950-06";"VVP";"-2.10161031"
"1950-07";"LD2010100";"21.1019"
"1950-07";"VVP";"-1.79773085"
"1950-08";"LD2010100";"21.2351"
"1950-08";"VVP";"-1.23944265"
"1950-09";"LD2010100";"21.315"
"1950-09";"VVP";"-1.11297199"
"1950-10";"LD2010100";"21.4216"
"1950-10";"VVP";"-0.30993755"
"1950-11";"LD2010100";"21.435"
"1950-11";"VVP";"-0.06200958"
"1950-12";"LD2010100";"21.4216"
"1950-12";"VVP";"0.12432811"
"1951-01";"LD2010100";"21.6214"
"1951-01";"VVP";"2.13949973"
"1951-02";"LD2010100";"21.688"
"1951-02";"VVP";"2.84278161"
"1951-03";"LD2010100";"21.6747"
"1951-03";"VVP";"2.97454463"
"1951-04";"LD2010100";"21.9146"
"1951-04";"VVP";"4.44476218"
"1951-05";"LD2010100";"22.1277"
"1951-05";"VVP";"4.99352322"
"1951-06";"LD2010100";"22.1677"
"1951-06";"VVP";"5.05073003"
"1951-07";"LD2010100";"22.2875"
"1951-07";"VVP";"5.61845142"
"1951-08";"LD2010100";"22.4207"
"1951-08";"VVP";"5.58320893"
"1951-09";"LD2010100";"22.4875"
"1951-09";"VVP";"5.50082102"
"1951-10";"LD2010100";"22.6339"
"1951-10";"VVP";"5.65924114"
"1951-11";"LD2010100";"22.7538"
"1951-11";"VVP";"6.15255423"
"1951-12";"LD2010100";"22.7804"
"1951-12";"VVP";"6.3431303"
"1952-01";"LD2010100";"22.7138"
"1952-01";"VVP";"5.05240179"
"1952-02";"LD2010100";"22.7538"
"1952-02";"VVP";"4.91423829"
"1952-03";"LD2010100";"22.7538"
"1952-03";"VVP";"4.97861562"
"1952-04";"LD2010100";"22.6606"
"1952-04";"VVP";"3.40412328"
"1952-05";"LD2010100";"22.7538"
"1952-05";"VVP";"2.82948522"
"1952-06";"LD2010100";"22.8204"
"1952-06";"VVP";"2.94437402"
"1952-07";"LD2010100";"22.7671"
"1952-07";"VVP";"2.15187886"
"1952-08";"LD2010100";"22.8204"
"1952-08";"VVP";"1.78272757"
"1952-09";"LD2010100";"22.8603"
"1952-09";"VVP";"1.65780989"
"1952-10";"LD2010100";"22.7938"
"1952-10";"VVP";"0.70646243"
"1952-11";"LD2010100";"22.807"
"1952-11";"VVP";"0.2338071"
"1952-12";"LD2010100";"22.7804"
"1952-12";"VVP";"0"
"1953-01";"LD2010100";"22.6339"
"1953-01";"VVP";"-0.35176853"
"1953-02";"LD2010100";"22.5807"
"1953-02";"VVP";"-0.76075205"
"1953-03";"LD2010100";"22.554"
"1953-03";"VVP";"-0.87809509"
"1953-04";"LD2010100";"22.4875"
"1953-04";"VVP";"-0.76388092"
"1953-05";"LD2010100";"22.5807"
"1953-05";"VVP";"-0.76075205"
"1953-06";"LD2010100";"22.6072"
"1953-06";"VVP";"-0.93425181"
"1953-07";"LD2010100";"22.5807"
"1953-07";"VVP";"-0.81872527"
"1953-08";"LD2010100";"22.6072"
"1953-08";"VVP";"-0.93425181"
"1953-09";"LD2010100";"22.6739"
"1953-09";"VVP";"-0.81538737"
"1953-10";"LD2010100";"22.7004"
"1953-10";"VVP";"-0.40976055"
"1953-11";"LD2010100";"22.7004"
"1953-11";"VVP";"-0.46740036"
"1953-12";"LD2010100";"22.6606"
"1953-12";"VVP";"-0.52589068"
"1954-01";"LD2010100";"22.6206"
"1954-01";"VVP";"-0.05876142"
"1954-02";"LD2010100";"22.5807"
"1954-02";"VVP";"0"
"1954-03";"LD2010100";"22.5673"
"1954-03";"VVP";"0.05896958"
"1954-04";"LD2010100";"22.594"
"1954-04";"VVP";"0.47359644"
"1954-05";"LD2010100";"22.6606"
"1954-05";"VVP";"0.353842"
"1954-06";"LD2010100";"22.7138"
"1954-06";"VVP";"0.47153119"
"1954-07";"LD2010100";"22.7804"
"1954-07";"VVP";"0.88438357"
"1954-08";"LD2010100";"22.8737"
"1954-08";"VVP";"1.17882798"
"1954-09";"LD2010100";"22.9136"
"1954-09";"VVP";"1.05716264"
"1954-10";"LD2010100";"22.9803"
"1954-10";"VVP";"1.23301792"
"1954-11";"LD2010100";"23.0469"
"1954-11";"VVP";"1.52640482"
"1954-12";"LD2010100";"23.0336"
"1954-12";"VVP";"1.64602879"
"1955-01";"LD2010100";"22.9669"
"1955-01";"VVP";"1.53090546"
"1955-02";"LD2010100";"22.887"
"1955-02";"VVP";"1.35646813"
"1955-03";"LD2010100";"22.8603"
"1955-03";"VVP";"1.29833875"
"1955-04";"LD2010100";"22.8737"
"1955-04";"VVP";"1.23793928"
"1955-05";"LD2010100";"22.9536"
"1955-05";"VVP";"1.29299312"
"1955-06";"LD2010100";"22.9536"
"1955-06";"VVP";"1.05574585"
"1955-07";"LD2010100";"22.9669"
"1955-07";"VVP";"0.81868624"
"1955-08";"LD2010100";"23.0202"
"1955-08";"VVP";"0.64047356"
"1955-09";"LD2010100";"23.0602"
"1955-09";"VVP";"0.63979471"
"1955-10";"LD2010100";"23.1002"
"1955-10";"VVP";"0.52175124"
"1955-11";"LD2010100";"23.1268"
"1955-11";"VVP";"0.34668437"
"1955-12";"LD2010100";"23.1268"
"1955-12";"VVP";"0.40462629"
"1956-01";"LD2010100";"22.9936"
"1956-01";"VVP";"0.11625426"
"1956-02";"LD2010100";"23.0469"
"1956-02";"VVP";"0.69864989"
"1956-03";"LD2010100";"23.1136"
"1956-03";"VVP";"1.10803445"
"1956-04";"LD2010100";"23.0735"
"1956-04";"VVP";"0.87349226"
"1956-05";"LD2010100";"23.3134"
"1956-05";"VVP";"1.56751011"
"1956-06";"LD2010100";"23.3667"
"1956-06";"VVP";"1.79971769"
"1956-07";"LD2010100";"23.3933"
"1956-07";"VVP";"1.85658491"
"1956-08";"LD2010100";"23.4732"
"1956-08";"VVP";"1.96783694"
"1956-09";"LD2010100";"23.5131"
"1956-09";"VVP";"1.9639899"
"1956-10";"LD2010100";"23.5398"
"1956-10";"VVP";"1.90301383"
"1956-11";"LD2010100";"23.6064"
"1956-11";"VVP";"2.07378453"
"1956-12";"LD2010100";"23.6331"
"1956-12";"VVP";"2.189235"
"1957-01";"LD2010100";"23.593"
"1957-01";"VVP";"2.60681233"
"1957-02";"LD2010100";"23.5531"
"1957-02";"VVP";"2.19639084"
"1957-03";"LD2010100";"23.4865"
"1957-03";"VVP";"1.61333587"
"1957-04";"LD2010100";"23.5665"
"1957-04";"VVP";"2.13665027"
"1957-05";"LD2010100";"23.713"
"1957-05";"VVP";"1.7140357"
"1957-06";"LD2010100";"23.7263"
"1957-06";"VVP";"1.53894217"
"1957-07";"LD2010100";"23.7796"
"1957-07";"VVP";"1.65132752"
"1957-08";"LD2010100";"23.9128"
"1957-08";"VVP";"1.87277406"
"1957-09";"LD2010100";"23.966"
"1957-09";"VVP";"1.92616031"
"1957-10";"LD2010100";"24.0461"
"1957-10";"VVP";"2.15082541"
"1957-11";"LD2010100";"24.1126"
"1957-11";"VVP";"2.14433374"
"1957-12";"LD2010100";"24.1126"
"1957-12";"VVP";"2.028934"
"1958-01";"LD2010100";"24.0461"
"1958-01";"VVP";"1.92048489"
"1958-02";"LD2010100";"24.0461"
"1958-02";"VVP";"2.09314273"
"1958-03";"LD2010100";"24.0461"
"1958-03";"VVP";"2.38264535"
"1958-04";"LD2010100";"24.0726"
"1958-04";"VVP";"2.14753994"
"1958-05";"LD2010100";"24.2725"
"1958-05";"VVP";"2.35946527"
"1958-06";"LD2010100";"24.2992"
"1958-06";"VVP";"2.41462006"
"1958-07";"LD2010100";"24.2992"
"1958-07";"VVP";"2.18506619"
"1958-08";"LD2010100";"24.3257"
"1958-08";"VVP";"1.72669031"
"1958-09";"LD2010100";"24.3657"
"1958-09";"VVP";"1.66777935"
"1958-10";"LD2010100";"24.3524"
"1958-10";"VVP";"1.27380324"
"1958-11";"LD2010100";"24.3657"
"1958-11";"VVP";"1.04965868"
"1958-12";"LD2010100";"24.3257"
"1958-12";"VVP";"0.88377031"
"1959-01";"LD2010100";"24.1792"
"1959-01";"VVP";"0.55352011"
"1959-02";"LD2010100";"24.0994"
"1959-02";"VVP";"0.22165757"
"1959-03";"LD2010100";"24.0593"
"1959-03";"VVP";"0.05489456"
"1959-04";"LD2010100";"23.966"
"1959-04";"VVP";"-0.44282711"
"1959-05";"LD2010100";"23.9928"
"1959-05";"VVP";"-1.15233289"
"1959-06";"LD2010100";"23.966"
"1959-06";"VVP";"-1.37123856"
"1959-07";"LD2010100";"23.966"
"1959-07";"VVP";"-1.37123856"
"1959-08";"LD2010100";"24.0461"
"1959-08";"VVP";"-1.14940166"
"1959-09";"LD2010100";"24.126"
"1959-09";"VVP";"-0.98375996"
"1959-10";"LD2010100";"24.1659"
"1959-10";"VVP";"-0.76583827"
"1959-11";"LD2010100";"24.1926"
"1959-11";"VVP";"-0.7104249"
"1959-12";"LD2010100";"24.1792"
"1959-12";"VVP";"-0.60224372"
"1960-01";"LD2010100";"24.1126"
"1960-01";"VVP";"-0.27544336"
"1960-02";"LD2010100";"24.2325"
"1960-02";"VVP";"0.55229591"
"1960-03";"LD2010100";"24.2325"
"1960-03";"VVP";"0.71988794"
"1960-04";"LD2010100";"24.2725"
"1960-04";"VVP";"1.2788951"
"1960-05";"LD2010100";"24.3791"
"1960-05";"VVP";"1.61006635"
"1960-06";"LD2010100";"24.4058"
"1960-06";"VVP";"1.83509972"
"1960-07";"LD2010100";"24.4723"
"1960-07";"VVP";"2.11257615"
"1960-08";"LD2010100";"24.5255"
"1960-08";"VVP";"1.99367049"
"1960-09";"LD2010100";"24.5923"
"1960-09";"VVP";"1.93276963"
"1960-10";"LD2010100";"24.6321"
"1960-10";"VVP";"1.92916465"
"1960-11";"LD2010100";"24.6321"
"1960-11";"VVP";"1.81667121"
"1960-12";"LD2010100";"24.6055"
"1960-12";"VVP";"1.76308563"
"1961-01";"LD2010100";"24.5389"
"1961-01";"VVP";"1.76795534"
"1961-02";"LD2010100";"24.5523"
"1961-02";"VVP";"1.31971526"
"1961-03";"LD2010100";"24.5523"
"1961-03";"VVP";"1.31971526"
"1961-04";"LD2010100";"24.5523"
"1961-04";"VVP";"1.15274488"
"1961-05";"LD2010100";"24.7387"
"1961-05";"VVP";"1.47503394"
"1961-06";"LD2010100";"24.7788"
"1961-06";"VVP";"1.52832523"
"1961-07";"LD2010100";"24.8321"
"1961-07";"VVP";"1.47023369"
"1961-08";"LD2010100";"24.9519"
"1961-08";"VVP";"1.7385986"
"1961-09";"LD2010100";"24.9918"
"1961-09";"VVP";"1.62449222"
"1961-10";"LD2010100";"25.0984"
"1961-10";"VVP";"1.89305825"
"1961-11";"LD2010100";"25.4448"
"1961-11";"VVP";"3.29935328"
"1961-12";"LD2010100";"25.4715"
"1961-12";"VVP";"3.51953831"
"1962-01";"LD2010100";"25.4982"
"1962-01";"VVP";"3.90930319"
"1962-02";"LD2010100";"25.5647"
"1962-02";"VVP";"4.12344261"
"1962-03";"LD2010100";"25.6048"
"1962-03";"VVP";"4.28676743"
"1962-04";"LD2010100";"25.7245"
"1962-04";"VVP";"4.77429813"
"1962-05";"LD2010100";"25.9244"
"1962-05";"VVP";"4.79289534"
"1962-06";"LD2010100";"25.991"
"1962-06";"VVP";"4.89208517"
"1962-07";"LD2010100";"26.0709"
"1962-07";"VVP";"4.98870414"
"1962-08";"LD2010100";"26.1775"
"1962-08";"VVP";"4.9118504"
"1962-09";"LD2010100";"26.1642"
"1962-09";"VVP";"4.69113869"
"1962-10";"LD2010100";"26.1243"
"1962-10";"VVP";"4.08751155"
"1962-11";"LD2010100";"26.2442"
"1962-11";"VVP";"3.14170282"
"1962-12";"LD2010100";"26.2974"
"1962-12";"VVP";"3.24244744"
"1963-01";"LD2010100";"26.3774"
"1963-01";"VVP";"3.44808653"
"1963-02";"LD2010100";"26.5372"
"1963-02";"VVP";"3.80407359"
"1963-03";"LD2010100";"26.5372"
"1963-03";"VVP";"3.64150472"
"1963-04";"LD2010100";"26.5772"
"1963-04";"VVP";"3.31473887"
"1963-05";"LD2010100";"26.7371"
"1963-05";"VVP";"3.13488451"
"1963-06";"LD2010100";"26.8037"
"1963-06";"VVP";"3.1268516"
"1963-07";"LD2010100";"26.857"
"1963-07";"VVP";"3.01523921"
"1963-08";"LD2010100";"26.9369"
"1963-08";"VVP";"2.90096457"
"1963-09";"LD2010100";"27.0168"
"1963-09";"VVP";"3.25865113"
"1963-10";"LD2010100";"27.1233"
"1963-10";"VVP";"3.82402591"
"1963-11";"LD2010100";"27.2832"
"1963-11";"VVP";"3.95896998"
"1963-12";"LD2010100";"27.3099"
"1963-12";"VVP";"3.85019051"
"1964-01";"LD2010100";"27.3365"
"1964-01";"VVP";"3.63606724"
"1964-02";"LD2010100";"27.3765"
"1964-02";"VVP";"3.16273005"
"1964-03";"LD2010100";"27.3898"
"1964-03";"VVP";"3.21284838"
"1964-04";"LD2010100";"27.563"
"1964-04";"VVP";"3.70919435"
"1964-05";"LD2010100";"27.7096"
"1964-05";"VVP";"3.63726807"
"1964-06";"LD2010100";"27.6696"
"1964-06";"VVP";"3.23052414"
"1964-07";"LD2010100";"27.683"
"1964-07";"VVP";"3.07554827"
"1964-08";"LD2010100";"27.7495"
"1964-08";"VVP";"3.01667972"
"1964-09";"LD2010100";"27.8028"
"1964-09";"VVP";"2.90930088"
"1964-10";"LD2010100";"27.8828"
"1964-10";"VVP";"2.80017549"
"1964-11";"LD2010100";"27.9093"
"1964-11";"VVP";"2.29481879"
"1964-12";"LD2010100";"27.9494"
"1964-12";"VVP";"2.34164168"
"1965-01";"LD2010100";"27.976"
"1965-01";"VVP";"2.33936312"
"1965-02";"LD2010100";"28.0693"
"1965-02";"VVP";"2.53063759"
"1965-03";"LD2010100";"28.0825"
"1965-03";"VVP";"2.52904366"
"1965-04";"LD2010100";"28.1758"
"1965-04";"VVP";"2.22327033"
"1965-05";"LD2010100";"28.4822"
"1965-05";"VVP";"2.78820337"
"1965-06";"LD2010100";"28.5888"
"1965-06";"VVP";"3.32205742"
"1965-07";"LD2010100";"28.6688"
"1965-07";"VVP";"3.56103024"
"1965-08";"LD2010100";"28.8286"
"1965-08";"VVP";"3.88871872"
"1965-09";"LD2010100";"28.9085"
"1965-09";"VVP";"3.97693757"
"1965-10";"LD2010100";"29.0017"
"1965-10";"VVP";"4.01286815"
"1965-11";"LD2010100";"29.2549"
"1965-11";"VVP";"4.82133196"
"1965-12";"LD2010100";"29.3215"
"1965-12";"VVP";"4.90922882"
"1966-01";"LD2010100";"29.4813"
"1966-01";"VVP";"5.38068344"
"1966-02";"LD2010100";"29.5613"
"1966-02";"VVP";"5.31541577"
"1966-03";"LD2010100";"29.6013"
"1966-03";"VVP";"5.4083504"
"1966-04";"LD2010100";"29.6412"
"1966-04";"VVP";"5.2009171"
"1966-05";"LD2010100";"30.0142"
"1966-05";"VVP";"5.37879799"
"1966-06";"LD2010100";"29.9743"
"1966-06";"VVP";"4.84630345"
"1966-07";"LD2010100";"29.9743"
"1966-07";"VVP";"4.55373089"
"1966-08";"LD2010100";"30.0676"
"1966-08";"VVP";"4.29781536"
"1966-09";"LD2010100";"30.0942"
"1966-09";"VVP";"4.10156182"
"1966-10";"LD2010100";"30.1543"
"1966-10";"VVP";"3.97424979"
"1966-11";"LD2010100";"30.5154"
"1966-11";"VVP";"4.30867991"
"1966-12";"LD2010100";"30.6659"
"1966-12";"VVP";"4.58503146"
"1967-01";"LD2010100";"30.7563"
"1967-01";"VVP";"4.32477537"
"1967-02";"LD2010100";"30.696"
"1967-02";"VVP";"3.83846448"
"1967-03";"LD2010100";"30.696"
"1967-03";"VVP";"3.69814839"
"1967-04";"LD2010100";"30.7262"
"1967-04";"VVP";"3.6604456"
"1967-05";"LD2010100";"31.0573"
"1967-05";"VVP";"3.475355"
"1967-06";"LD2010100";"31.2679"
"1967-06";"VVP";"4.31569711"
"1967-07";"LD2010100";"31.3882"
"1967-07";"VVP";"4.71704093"
"1967-08";"LD2010100";"31.5086"
"1967-08";"VVP";"4.79253416"
"1967-09";"LD2010100";"31.3882"
"1967-09";"VVP";"4.29983186"
"1967-10";"LD2010100";"31.3581"
"1967-10";"VVP";"3.99213379"
"1967-11";"LD2010100";"31.6591"
"1967-11";"VVP";"3.74794366"
"1967-12";"LD2010100";"31.7494"
"1967-12";"VVP";"3.5332405"
"1968-01";"LD2010100";"31.8095"
"1968-01";"VVP";"3.42433908"
"1968-02";"LD2010100";"31.8697"
"1968-02";"VVP";"3.82362523"
"1968-03";"LD2010100";"31.7494"
"1968-03";"VVP";"3.43171749"
"1968-04";"LD2010100";"31.7193"
"1968-04";"VVP";"3.23209508"
"1968-05";"LD2010100";"31.8095"
"1968-05";"VVP";"2.42197487"
"1968-06";"LD2010100";"31.8396"
"1968-06";"VVP";"1.8283927"
"1968-07";"LD2010100";"31.8095"
"1968-07";"VVP";"1.34222415"
"1968-08";"LD2010100";"31.8998"
"1968-08";"VVP";"1.24156579"
"1968-09";"LD2010100";"31.93"
"1968-09";"VVP";"1.72612638"
"1968-10";"LD2010100";"32.0503"
"1968-10";"VVP";"2.20740415"
"1968-11";"LD2010100";"32.3512"
"1968-11";"VVP";"2.18610131"
"1968-12";"LD2010100";"32.4416"
"1968-12";"VVP";"2.18019868"
"1969-01";"LD2010100";"32.5318"
"1969-01";"VVP";"2.27070529"
"1969-02";"LD2010100";"32.592"
"1969-02";"VVP";"2.26641606"
"1969-03";"LD2010100";"32.5318"
"1969-03";"VVP";"2.46429854"
"1969-04";"LD2010100";"32.4716"
"1969-04";"VVP";"2.37174213"
"1969-05";"LD2010100";"32.6221"
"1969-05";"VVP";"2.55458275"
"1969-06";"LD2010100";"32.7725"
"1969-06";"VVP";"2.92999912"
"1969-07";"LD2010100";"32.7725"
"1969-07";"VVP";"3.02739748"
"1969-08";"LD2010100";"32.7123"
"1969-08";"VVP";"2.54703791"
"1969-09";"LD2010100";"32.7425"
"1969-09";"VVP";"2.54462888"
"1969-10";"LD2010100";"32.8027"
"1969-10";"VVP";"2.34755993"
"1969-11";"LD2010100";"33.0735"
"1969-11";"VVP";"2.2326838"
"1969-12";"LD2010100";"33.1938"
"1969-12";"VVP";"2.31862793"
"1970-01";"LD2010100";"33.2841"
"1970-01";"VVP";"2.31250653"
"1970-02";"LD2010100";"33.2841"
"1970-02";"VVP";"2.12352725"
"1970-03";"LD2010100";"33.3443"
"1970-03";"VVP";"2.49755624"
"1970-04";"LD2010100";"33.3143"
"1970-04";"VVP";"2.59519087"
"1970-05";"LD2010100";"33.6453"
"1970-05";"VVP";"3.13652401"
"1970-06";"LD2010100";"33.7957"
"1970-06";"VVP";"3.12212983"
"1970-07";"LD2010100";"33.8859"
"1970-07";"VVP";"3.39736059"
"1970-08";"LD2010100";"34.0064"
"1970-08";"VVP";"3.95600432"
"1970-09";"LD2010100";"34.217"
"1970-09";"VVP";"4.50332137"
"1970-10";"LD2010100";"34.3975"
"1970-10";"VVP";"4.86179491"
"1970-11";"LD2010100";"34.8491"
"1970-11";"VVP";"5.36864862"
"1970-12";"LD2010100";"34.9995"
"1970-12";"VVP";"5.4398713"
"1971-01";"LD2010100";"35.2102"
"1971-01";"VVP";"5.78684717"
"1971-02";"LD2010100";"35.3607"
"1971-02";"VVP";"6.23901503"
"1971-03";"LD2010100";"35.5713"
"1971-03";"VVP";"6.67880267"
"1971-04";"LD2010100";"35.6014"
"1971-04";"VVP";"6.86522004"
"1971-05";"LD2010100";"35.9926"
"1971-05";"VVP";"6.97660594"
"1971-06";"LD2010100";"36.0227"
"1971-06";"VVP";"6.58959572"
"1971-07";"LD2010100";"36.1732"
"1971-07";"VVP";"6.75000516"
"1971-08";"LD2010100";"36.2334"
"1971-08";"VVP";"6.54876729"
"1971-09";"LD2010100";"36.5042"
"1971-09";"VVP";"6.68439664"
"1971-10";"LD2010100";"36.6547"
"1971-10";"VVP";"6.5621048"
"1971-11";"LD2010100";"37.1362"
"1971-11";"VVP";"6.56286676"
"1971-12";"LD2010100";"37.3168"
"1971-12";"VVP";"6.62095173"
"1972-01";"LD2010100";"37.5575"
"1972-01";"VVP";"6.66653413"
"1972-02";"LD2010100";"37.738"
"1972-02";"VVP";"6.72300039"
"1972-03";"LD2010100";"37.8284"
"1972-03";"VVP";"6.34528398"
"1972-04";"LD2010100";"37.8585"
"1972-04";"VVP";"6.33991922"
"1972-05";"LD2010100";"38.2496"
"1972-05";"VVP";"6.27073343"
"1972-06";"LD2010100";"38.4604"
"1972-06";"VVP";"6.76712184"
"1972-07";"LD2010100";"38.4905"
"1972-07";"VVP";"6.40612387"
"1972-08";"LD2010100";"38.641"
"1972-08";"VVP";"6.64469799"
"1972-09";"LD2010100";"38.972"
"1972-09";"VVP";"6.76031799"
"1972-10";"LD2010100";"39.3331"
"1972-10";"VVP";"7.30711205"
"1972-11";"LD2010100";"39.6642"
"1972-11";"VVP";"6.80737394"
"1972-12";"LD2010100";"39.8748"
"1972-12";"VVP";"6.85482142"
"1973-01";"LD2010100";"40.3262"
"1973-01";"VVP";"7.37189643"
"1973-02";"LD2010100";"40.597"
"1973-02";"VVP";"7.57591817"
"1973-03";"LD2010100";"40.928"
"1973-03";"VVP";"8.19384378"
"1973-04";"LD2010100";"41.0183"
"1973-04";"VVP";"8.3463423"
"1973-05";"LD2010100";"41.3193"
"1973-05";"VVP";"8.0254434"
"1973-06";"LD2010100";"41.6201"
"1973-06";"VVP";"8.21546318"
"1973-07";"LD2010100";"41.6804"
"1973-07";"VVP";"8.28749951"
"1973-08";"LD2010100";"41.8309"
"1973-08";"VVP";"8.25522114"
"1973-09";"LD2010100";"42.192"
"1973-09";"VVP";"8.26234219"
"1973-10";"LD2010100";"43.0647"
"1973-10";"VVP";"9.48717492"
"1973-11";"LD2010100";"43.9676"
"1973-11";"VVP";"10.84958224"
"1973-12";"LD2010100";"44.6297"
"1973-12";"VVP";"11.92457392"
"1974-01";"LD2010100";"44.9908"
"1974-01";"VVP";"11.56716973"
"1974-02";"LD2010100";"44.6597"
"1974-02";"VVP";"10.00738971"
"1974-03";"LD2010100";"44.8704"
"1974-03";"VVP";"9.63252541"
"1974-04";"LD2010100";"44.5995"
"1974-04";"VVP";"8.73073726"
"1974-05";"LD2010100";"45.382"
"1974-05";"VVP";"9.83245118"
"1974-06";"LD2010100";"45.6227"
"1974-06";"VVP";"9.61698795"
"1974-07";"LD2010100";"45.7732"
"1974-07";"VVP";"9.8194835"
"1974-08";"LD2010100";"46.2247"
"1974-08";"VVP";"10.50371854"
"1974-09";"LD2010100";"46.977"
"1974-09";"VVP";"11.34101251"
"1974-10";"LD2010100";"47.2779"
"1974-10";"VVP";"9.7834189"
"1974-11";"LD2010100";"47.94"
"1974-11";"VVP";"9.03483474"
"1974-12";"LD2010100";"48.0002"
"1974-12";"VVP";"7.55214577"
"1975-01";"LD2010100";"48.2711"
"1975-01";"VVP";"7.29104617"
"1975-02";"LD2010100";"48.4216"
"1975-02";"VVP";"8.42347799"
"1975-03";"LD2010100";"48.6021"
"1975-03";"VVP";"8.31661853"
"1975-04";"LD2010100";"48.7225"
"1975-04";"VVP";"9.24449826"
"1975-05";"LD2010100";"49.0836"
"1975-05";"VVP";"8.15653783"
"1975-06";"LD2010100";"49.2641"
"1975-06";"VVP";"7.98155304"
"1975-07";"LD2010100";"49.1738"
"1975-07";"VVP";"7.42923807"
"1975-08";"LD2010100";"49.3243"
"1975-08";"VVP";"6.70550593"
"1975-09";"LD2010100";"49.5049"
"1975-09";"VVP";"5.38114396"
"1975-10";"LD2010100";"49.5651"
"1975-10";"VVP";"4.83777833"
"1975-11";"LD2010100";"49.7156"
"1975-11";"VVP";"3.70379641"
"1975-12";"LD2010100";"49.6554"
"1975-12";"VVP";"3.44831897"
"1976-01";"LD2010100";"49.9262"
"1976-01";"VVP";"3.42875965"
"1976-02";"LD2010100";"49.8962"
"1976-02";"VVP";"3.04533514"
"1976-03";"LD2010100";"49.8059"
"1976-03";"VVP";"2.47684771"
"1976-04";"LD2010100";"49.8059"
"1976-04";"VVP";"2.22361332"
"1976-05";"LD2010100";"49.7156"
"1976-05";"VVP";"1.28759912"
"1976-06";"LD2010100";"49.8059"
"1976-06";"VVP";"1.09978666"
"1976-07";"LD2010100";"49.8962"
"1976-07";"VVP";"1.469075"
"1976-08";"LD2010100";"50.0767"
"1976-08";"VVP";"1.52541445"
"1976-09";"LD2010100";"49.9564"
"1976-09";"VVP";"0.91203093"
"1976-10";"LD2010100";"50.0767"
"1976-10";"VVP";"1.03217788"
"1976-11";"LD2010100";"50.167"
"1976-11";"VVP";"0.9079645"
"1976-12";"LD2010100";"50.2873"
"1976-12";"VVP";"1.27257056"
"1977-01";"LD2010100";"50.3776"
"1977-01";"VVP";"0.9041345"
"1977-02";"LD2010100";"50.4078"
"1977-02";"VVP";"1.02532858"
"1977-03";"LD2010100";"50.3175"
"1977-03";"VVP";"1.02718754"
"1977-04";"LD2010100";"50.3776"
"1977-04";"VVP";"1.14785598"
"1977-05";"LD2010100";"50.3475"
"1977-05";"VVP";"1.27102962"
"1977-06";"LD2010100";"50.6786"
"1977-06";"VVP";"1.75220205"
"1977-07";"LD2010100";"50.7086"
"1977-07";"VVP";"1.6281801"
"1977-08";"LD2010100";"50.7086"
"1977-08";"VVP";"1.2618643"
"1977-09";"LD2010100";"50.7388"
"1977-09";"VVP";"1.5661657"
"1977-10";"LD2010100";"50.8504"
"1977-10";"VVP";"1.54502992"
"1977-11";"LD2010100";"50.8048"
"1977-11";"VVP";"1.27135368"
"1977-12";"LD2010100";"50.8657"
"1977-12";"VVP";"1.150191"
"1978-01";"LD2010100";"50.891"
"1978-01";"VVP";"1.01910373"
"1978-02";"LD2010100";"50.9468"
"1978-02";"VVP";"1.06927896"
"1978-03";"LD2010100";"51.0026"
"1978-03";"VVP";"1.36155413"
"1978-04";"LD2010100";"51.0939"
"1978-04";"VVP";"1.4218621"
"1978-05";"LD2010100";"51.165"
"1978-05";"VVP";"1.62371518"
"1978-06";"LD2010100";"51.2512"
"1978-06";"VVP";"1.12986547"
"1978-07";"LD2010100";"51.2664"
"1978-07";"VVP";"1.10001065"
"1978-08";"LD2010100";"51.2868"
"1978-08";"VVP";"1.14024051"
"1978-09";"LD2010100";"51.1599"
"1978-09";"VVP";"0.82993685"
"1978-10";"LD2010100";"51.0585"
"1978-10";"VVP";"0.40923965"
"1978-11";"LD2010100";"51.1243"
"1978-11";"VVP";"0.62887759"
"1978-12";"LD2010100";"51.2361"
"1978-12";"VVP";"0.72819208"
"1979-01";"LD2010100";"51.4288"
"1979-01";"VVP";"1.05676839"
"1979-02";"LD2010100";"51.992"
"1979-02";"VVP";"2.05155181"
"1979-03";"LD2010100";"52.2711"
"1979-03";"VVP";"2.48712811"
"1979-04";"LD2010100";"52.4081"
"1979-04";"VVP";"2.57212701"
"1979-05";"LD2010100";"52.5907"
"1979-05";"VVP";"2.78647513"
"1979-06";"LD2010100";"53.3315"
"1979-06";"VVP";"4.05902691"
"1979-07";"LD2010100";"53.4584"
"1979-07";"VVP";"4.27570495"
"1979-08";"LD2010100";"53.3568"
"1979-08";"VVP";"4.03612625"
"1979-09";"LD2010100";"53.6156"
"1979-09";"VVP";"4.80004848"
"1979-10";"LD2010100";"53.5903"
"1979-10";"VVP";"4.95862589"
"1979-11";"LD2010100";"53.7933"
"1979-11";"VVP";"5.22060938"
"1979-12";"LD2010100";"53.8947"
"1979-12";"VVP";"5.18891953"
"1980-01";"LD2010100";"54.057"
"1980-01";"VVP";"5.11036618"
"1980-02";"LD2010100";"54.1332"
"1980-02";"VVP";"4.1183259"
"1980-03";"LD2010100";"54.3006"
"1980-03";"VVP";"3.88264261"
"1980-04";"LD2010100";"54.5492"
"1980-04";"VVP";"4.08543717"
"1980-05";"LD2010100";"54.8739"
"1980-05";"VVP";"4.34145201"
"1980-06";"LD2010100";"55.0668"
"1980-06";"VVP";"3.25379935"
"1980-07";"LD2010100";"55.2444"
"1980-07";"VVP";"3.34091555"
"1980-08";"LD2010100";"55.6148"
"1980-08";"VVP";"4.23188797"
"1980-09";"LD2010100";"55.6402"
"1980-09";"VVP";"3.77613978"
"1980-10";"LD2010100";"55.5387"
"1980-10";"VVP";"3.63573259"
"1980-11";"LD2010100";"56.0714"
"1980-11";"VVP";"4.23491401"
"1980-12";"LD2010100";"56.2642"
"1980-12";"VVP";"4.39653621"
"1981-01";"LD2010100";"56.8122"
"1981-01";"VVP";"5.09684222"
"1981-02";"LD2010100";"57.3653"
"1981-02";"VVP";"5.97064278"
"1981-03";"LD2010100";"57.7509"
"1981-03";"VVP";"6.35407344"
"1981-04";"LD2010100";"57.624"
"1981-04";"VVP";"5.63674628"
"1981-05";"LD2010100";"58.1568"
"1981-05";"VVP";"5.98262562"
"1981-06";"LD2010100";"58.5272"
"1981-06";"VVP";"6.28400415"
"1981-07";"LD2010100";"58.8773"
"1981-07";"VVP";"6.57605115"
"1981-08";"LD2010100";"59.755"
"1981-08";"VVP";"7.44442127"
"1981-09";"LD2010100";"59.8006"
"1981-09";"VVP";"7.47732754"
"1981-10";"LD2010100";"59.5978"
"1981-10";"VVP";"7.30859743"
"1981-11";"LD2010100";"59.9985"
"1981-11";"VVP";"7.00374879"
"1981-12";"LD2010100";"59.9884"
"1981-12";"VVP";"6.61912904"
"1982-01";"LD2010100";"60.2827"
"1982-01";"VVP";"6.10872313"
"1982-02";"LD2010100";"60.3792"
"1982-02";"VVP";"5.25387299"
"1982-03";"LD2010100";"60.4857"
"1982-03";"VVP";"4.73551062"
"1982-04";"LD2010100";"60.8256"
"1982-04";"VVP";"5.55601833"
"1982-05";"LD2010100";"61.6122"
"1982-05";"VVP";"5.94152361"
"1982-06";"LD2010100";"62.155"
"1982-06";"VVP";"6.19848549"
"1982-07";"LD2010100";"62.3884"
"1982-07";"VVP";"5.96341884"
"1982-08";"LD2010100";"62.8704"
"1982-08";"VVP";"5.21362229"
"1982-09";"LD2010100";"63.1139"
"1982-09";"VVP";"5.54057986"
"1982-10";"LD2010100";"63.2713"
"1982-10";"VVP";"6.16381813"
"1982-11";"LD2010100";"63.4489"
"1982-11";"VVP";"5.75081044"
"1982-12";"LD2010100";"63.2611"
"1982-12";"VVP";"5.45555474"
"1983-01";"LD2010100";"63.1666"
"1983-01";"VVP";"4.78395958"
"1983-02";"LD2010100";"63.2539"
"1983-02";"VVP";"4.76107666"
"1983-03";"LD2010100";"63.3746"
"1983-03";"VVP";"4.77617024"
"1983-04";"LD2010100";"63.5727"
"1983-04";"VVP";"4.51635496"
"1983-05";"LD2010100";"63.6272"
"1983-05";"VVP";"3.27045618"
"1983-06";"LD2010100";"63.8901"
"1983-06";"VVP";"2.79156946"
"1983-07";"LD2010100";"63.7655"
"1983-07";"VVP";"2.20730136"
"1983-08";"LD2010100";"63.9374"
"1983-08";"VVP";"1.69714206"
"1983-09";"LD2010100";"64.0167"
"1983-09";"VVP";"1.43042975"
"1983-10";"LD2010100";"64.17"
"1983-10";"VVP";"1.42039124"
"1983-11";"LD2010100";"64.5766"
"1983-11";"VVP";"1.77733578"
"1983-12";"LD2010100";"64.6127"
"1983-12";"VVP";"2.13654205"
"1984-01";"LD2010100";"64.8448"
"1984-01";"VVP";"2.65678381"
"1984-02";"LD2010100";"65.0788"
"1984-02";"VVP";"2.8850395"
"1984-03";"LD2010100";"65.5019"
"1984-03";"VVP";"3.35670758"
"1984-04";"LD2010100";"65.5984"
"1984-04";"VVP";"3.18643065"
"1984-05";"LD2010100";"65.4621"
"1984-05";"VVP";"2.88382956"
"1984-06";"LD2010100";"65.6727"
"1984-06";"VVP";"2.79010363"
"1984-07";"LD2010100";"65.5566"
"1984-07";"VVP";"2.80888568"
"1984-08";"LD2010100";"65.7892"
"1984-08";"VVP";"2.89627041"
"1984-09";"LD2010100";"65.7491"
"1984-09";"VVP";"2.70616886"
"1984-10";"LD2010100";"66.1649"
"1984-10";"VVP";"3.10877357"
"1984-11";"LD2010100";"66.5102"
"1984-11";"VVP";"2.99427347"
"1984-12";"LD2010100";"66.4889"
"1984-12";"VVP";"2.9037635"
"1985-01";"LD2010100";"67.1388"
"1985-01";"VVP";"3.53767765"
"1985-02";"LD2010100";"67.6865"
"1985-02";"VVP";"4.00698845"
"1985-03";"LD2010100";"68.0631"
"1985-03";"VVP";"3.91011558"
"1985-04";"LD2010100";"67.9801"
"1985-04";"VVP";"3.6307288"
"1985-05";"LD2010100";"67.9329"
"1985-05";"VVP";"3.7743977"
"1985-06";"LD2010100";"67.8994"
"1985-06";"VVP";"3.39060218"
"1985-07";"LD2010100";"67.7543"
"1985-07";"VVP";"3.35237032"
"1985-08";"LD2010100";"67.7398"
"1985-08";"VVP";"2.96492433"
"1985-09";"LD2010100";"67.9487"
"1985-09";"VVP";"3.34544503"
"1985-10";"LD2010100";"68.1178"
"1985-10";"VVP";"2.95156495"
"1985-11";"LD2010100";"68.5995"
"1985-11";"VVP";"3.14132268"
"1985-12";"LD2010100";"68.6419"
"1985-12";"VVP";"3.23813449"
"1986-01";"LD2010100";"68.6128"
"1986-01";"VVP";"2.19545181"
"1986-02";"LD2010100";"68.5958"
"1986-02";"VVP";"1.34339935"
"1986-03";"LD2010100";"68.6804"
"1986-03";"VVP";"0.90695252"
"1986-04";"LD2010100";"68.6427"
"1986-04";"VVP";"0.97469701"
"1986-05";"LD2010100";"68.4336"
"1986-05";"VVP";"0.73705083"
"1986-06";"LD2010100";"68.4198"
"1986-06";"VVP";"0.76642798"
"1986-07";"LD2010100";"68.0967"
"1986-07";"VVP";"0.50535538"
"1986-08";"LD2010100";"68.228"
"1986-08";"VVP";"0.72069891"
"1986-09";"LD2010100";"68.3467"
"1986-09";"VVP";"0.585736"
"1986-10";"LD2010100";"68.3634"
"1986-10";"VVP";"0.36055187"
"1986-11";"LD2010100";"68.5325"
"1986-11";"VVP";"-0.09766835"
"1986-12";"LD2010100";"68.6694"
"1986-12";"VVP";"0.04006299"
"1987-01";"LD2010100";"69.0667"
"1987-01";"VVP";"0.66153837"
"1987-02";"LD2010100";"69.2694"
"1987-02";"VVP";"0.98198432"
"1987-03";"LD2010100";"69.3662"
"1987-03";"VVP";"0.99853816"
"1987-04";"LD2010100";"69.4528"
"1987-04";"VVP";"1.18016919"
"1987-05";"LD2010100";"69.068"
"1987-05";"VVP";"0.92703"
"1987-06";"LD2010100";"69.2885"
"1987-06";"VVP";"1.26966171"
"1987-07";"LD2010100";"69.3063"
"1987-07";"VVP";"1.77629753"
"1987-08";"LD2010100";"69.5758"
"1987-08";"VVP";"1.97543531"
"1987-09";"LD2010100";"69.4104"
"1987-09";"VVP";"1.55632971"
"1987-10";"LD2010100";"69.7165"
"1987-10";"VVP";"1.97927546"
"1987-11";"LD2010100";"69.9701"
"1987-11";"VVP";"2.09769088"
"1987-12";"LD2010100";"69.9651"
"1987-12";"VVP";"1.88686664"
"1988-01";"LD2010100";"70.1438"
"1988-01";"VVP";"1.55950697"
"1988-02";"LD2010100";"70.4865"
"1988-02";"VVP";"1.7570529"
"1988-03";"LD2010100";"70.6497"
"1988-03";"VVP";"1.8503248"
"1988-04";"LD2010100";"70.7846"
"1988-04";"VVP";"1.91756128"
"1988-05";"LD2010100";"70.6127"
"1988-05";"VVP";"2.23649157"
"1988-06";"LD2010100";"70.7225"
"1988-06";"VVP";"2.06960751"
"1988-07";"LD2010100";"70.5614"
"1988-07";"VVP";"1.81094648"
"1988-08";"LD2010100";"70.8076"
"1988-08";"VVP";"1.77044317"
"1988-09";"LD2010100";"70.8259"
"1988-09";"VVP";"2.03931976"
"1988-10";"LD2010100";"70.9391"
"1988-10";"VVP";"1.75367381"
"1988-11";"LD2010100";"71.1996"
"1988-11";"VVP";"1.75717914"
"1988-12";"LD2010100";"71.3285"
"1988-12";"VVP";"1.94868584"
"1989-01";"LD2010100";"71.7197"
"1989-01";"VVP";"2.24667041"
"1989-02";"LD2010100";"72.0802"
"1989-02";"VVP";"2.26100033"
"1989-03";"LD2010100";"72.2738"
"1989-03";"VVP";"2.29880665"
"1989-04";"LD2010100";"72.6541"
"1989-04";"VVP";"2.6411112"
"1989-05";"LD2010100";"72.7043"
"1989-05";"VVP";"2.96207339"
"1989-06";"LD2010100";"72.8286"
"1989-06";"VVP";"2.97797731"
"1989-07";"LD2010100";"72.6674"
"1989-07";"VVP";"2.98463466"
"1989-08";"LD2010100";"72.9086"
"1989-08";"VVP";"2.96719561"
"1989-09";"LD2010100";"73.2258"
"1989-09";"VVP";"3.38844971"
"1989-10";"LD2010100";"73.5152"
"1989-10";"VVP";"3.6314247"
"1989-11";"LD2010100";"74.3639"
"1989-11";"VVP";"4.44426654"
"1989-12";"LD2010100";"74.9106"
"1989-12";"VVP";"5.02197579"
"1990-01";"LD2010100";"75.3514"
"1990-01";"VVP";"5.0637412"
"1990-02";"LD2010100";"75.5958"
"1990-02";"VVP";"4.87734496"
"1990-03";"LD2010100";"75.8562"
"1990-03";"VVP";"4.9567063"
"1990-04";"LD2010100";"76.0122"
"1990-04";"VVP";"4.62203785"
"1990-05";"LD2010100";"76.382"
"1990-05";"VVP";"5.05843533"
"1990-06";"LD2010100";"76.4884"
"1990-06";"VVP";"5.02522361"
"1990-07";"LD2010100";"76.526"
"1990-07";"VVP";"5.30994641"
"1990-08";"LD2010100";"77.3441"
"1990-08";"VVP";"6.08364445"
"1990-09";"LD2010100";"77.7116"
"1990-09";"VVP";"6.12598292"
"1990-10";"LD2010100";"78.185"
"1990-10";"VVP";"6.35215574"
"1990-11";"LD2010100";"78.8672"
"1990-11";"VVP";"6.05576093"
"1990-12";"LD2010100";"78.8629"
"1990-12";"VVP";"5.27602235"
"1991-01";"LD2010100";"79.5029"
"1991-01";"VVP";"5.5095194"
"1991-02";"LD2010100";"80.2932"
"1991-02";"VVP";"6.21383728"
"1991-03";"LD2010100";"80.3056"
"1991-03";"VVP";"5.86557196"
"1991-04";"LD2010100";"80.4985"
"1991-04";"VVP";"5.90207888"
"1991-05";"LD2010100";"81.1779"
"1991-05";"VVP";"6.27883533"
"1991-06";"LD2010100";"81.5113"
"1991-06";"VVP";"6.56687811"
"1991-07";"LD2010100";"81.5394"
"1991-07";"VVP";"6.55123749"
"1991-08";"LD2010100";"81.9637"
"1991-08";"VVP";"5.97278913"
"1991-09";"LD2010100";"82.1224"
"1991-09";"VVP";"5.67585792"
"1991-10";"LD2010100";"82.1951"
"1991-10";"VVP";"5.12898894"
"1991-11";"LD2010100";"83.1825"
"1991-11";"VVP";"5.4716029"
"1991-12";"LD2010100";"82.985"
"1991-12";"VVP";"5.22691912"
"1992-01";"LD2010100";"83.3753"
"1992-01";"VVP";"4.87076572"
"1992-02";"LD2010100";"83.9703"
"1992-02";"VVP";"4.5795908"
"1992-03";"LD2010100";"84.2156"
"1992-03";"VVP";"4.8689008"
"1992-04";"LD2010100";"84.35"
"1992-04";"VVP";"4.7845612"
"1992-05";"LD2010100";"84.5722"
"1992-05";"VVP";"4.18131043"
"1992-06";"LD2010100";"84.9083"
"1992-06";"VVP";"4.16752033"
"1992-07";"LD2010100";"84.6528"
"1992-07";"VVP";"3.81827681"
"1992-08";"LD2010100";"84.8742"
"1992-08";"VVP";"3.55096219"
"1992-09";"LD2010100";"84.9742"
"1992-09";"VVP";"3.47262136"
"1992-10";"LD2010100";"85.0975"
"1992-10";"VVP";"3.53111074"
"1992-11";"LD2010100";"85.9162"
"1992-11";"VVP";"3.28638836"
"1992-12";"LD2010100";"85.8238"
"1992-12";"VVP";"3.42085919"
"1993-01";"LD2010100";"86.2639"
"1993-01";"VVP";"3.46457524"
"1993-02";"LD2010100";"86.8176"
"1993-02";"VVP";"3.39084176"
"1993-03";"LD2010100";"87.28"
"1993-03";"VVP";"3.63875576"
"1993-04";"LD2010100";"87.5452"
"1993-04";"VVP";"3.78802608"
"1993-05";"LD2010100";"87.5965"
"1993-05";"VVP";"3.57599779"
"1993-06";"LD2010100";"87.5741"
"1993-06";"VVP";"3.13962239"
"1993-07";"LD2010100";"87.5199"
"1993-07";"VVP";"3.38689329"
"1993-08";"LD2010100";"87.9514"
"1993-08";"VVP";"3.62560118"
"1993-09";"LD2010100";"87.8974"
"1993-09";"VVP";"3.440103"
"1993-10";"LD2010100";"87.9629"
"1993-10";"VVP";"3.36719645"
"1993-11";"LD2010100";"87.8444"
"1993-11";"VVP";"2.24427989"
"1993-12";"LD2010100";"87.9542"
"1993-12";"VVP";"2.48229512"
"1994-01";"LD2010100";"88.0571"
"1994-01";"VVP";"2.07873746"
"1994-02";"LD2010100";"88.4145"
"1994-02";"VVP";"1.83937358"
"1994-03";"LD2010100";"88.416"
"1994-03";"VVP";"1.3015582"
"1994-04";"LD2010100";"88.4621"
"1994-04";"VVP";"1.04734469"
"1994-05";"LD2010100";"87.913"
"1994-05";"VVP";"0.36131581"
"1994-06";"LD2010100";"88.0514"
"1994-06";"VVP";"0.54502416"
"1994-07";"LD2010100";"88.0362"
"1994-07";"VVP";"0.58992298"
"1994-08";"LD2010100";"88.3818"
"1994-08";"VVP";"0.48936117"
"1994-09";"LD2010100";"88.4176"
"1994-09";"VVP";"0.59182638"
"1994-10";"LD2010100";"88.3448"
"1994-10";"VVP";"0.43416031"
"1994-11";"LD2010100";"88.3386"
"1994-11";"VVP";"0.56258566"
"1994-12";"LD2010100";"88.3237"
"1994-12";"VVP";"0.42010501"
"1995-01";"LD2010100";"88.9507"
"1995-01";"VVP";"1.01479608"
"1995-02";"LD2010100";"89.7438"
"1995-02";"VVP";"1.50348642"
"1995-03";"LD2010100";"89.7988"
"1995-03";"VVP";"1.56397032"
"1995-04";"LD2010100";"89.8744"
"1995-04";"VVP";"1.59650291"
"1995-05";"LD2010100";"89.7051"
"1995-05";"VVP";"2.0384926"
"1995-06";"LD2010100";"89.8831"
"1995-06";"VVP";"2.08026221"
"1995-07";"LD2010100";"89.8225"
"1995-07";"VVP";"2.02905169"
"1995-08";"LD2010100";"90.1071"
"1995-08";"VVP";"1.95209874"
"1995-09";"LD2010100";"90.1842"
"1995-09";"VVP";"1.99801849"
"1995-10";"LD2010100";"90.0863"
"1995-10";"VVP";"1.97125354"
"1995-11";"LD2010100";"90.0192"
"1995-11";"VVP";"1.90245261"
"1995-12";"LD2010100";"90.0443"
"1995-12";"VVP";"1.94806151"
"1996-01";"LD2010100";"90.3014"
"1996-01";"VVP";"1.51848159"
"1996-02";"LD2010100";"90.446"
"1996-02";"VVP";"0.7824496"
"1996-03";"LD2010100";"90.6057"
"1996-03";"VVP";"0.89856435"
"1996-04";"LD2010100";"90.6935"
"1996-04";"VVP";"0.911383"
"1996-05";"LD2010100";"90.3623"
"1996-05";"VVP";"0.73262278"
"1996-06";"LD2010100";"90.5385"
"1996-06";"VVP";"0.72916933"
"1996-07";"LD2010100";"90.412"
"1996-07";"VVP";"0.65629436"
"1996-08";"LD2010100";"90.6458"
"1996-08";"VVP";"0.59784412"
"1996-09";"LD2010100";"90.6986"
"1996-09";"VVP";"0.57038816"
"1996-10";"LD2010100";"90.8431"
"1996-10";"VVP";"0.84008334"
"1996-11";"LD2010100";"90.6761"
"1996-11";"VVP";"0.72973321"
"1996-12";"LD2010100";"90.7478"
"1996-12";"VVP";"0.7812821"
"1997-01";"LD2010100";"91.0509"
"1997-01";"VVP";"0.82999821"
"1997-02";"LD2010100";"91.2106"
"1997-02";"VVP";"0.8453663"
"1997-03";"LD2010100";"91.0794"
"1997-03";"VVP";"0.52281479"
"1997-04";"LD2010100";"91.167"
"1997-04";"VVP";"0.52208813"
"1997-05";"LD2010100";"90.8834"
"1997-05";"VVP";"0.57667855"
"1997-06";"LD2010100";"90.9747"
"1997-06";"VVP";"0.48178399"
"1997-07";"LD2010100";"90.8758"
"1997-07";"VVP";"0.512985"
"1997-08";"LD2010100";"91.0759"
"1997-08";"VVP";"0.4744842"
"1997-09";"LD2010100";"91.0742"
"1997-09";"VVP";"0.41411885"
"1997-10";"LD2010100";"91.081"
"1997-10";"VVP";"0.2618801"
"1997-11";"LD2010100";"91.0541"
"1997-11";"VVP";"0.41686839"
"1997-12";"LD2010100";"91.0984"
"1997-12";"VVP";"0.38634545"
"1998-01";"LD2010100";"91.065"
"1998-01";"VVP";"0.01548584"
"1998-02";"LD2010100";"91.1768"
"1998-02";"VVP";"-0.0370571"
"1998-03";"LD2010100";"91.1094"
"1998-03";"VVP";"0.03293829"
"1998-04";"LD2010100";"91.1465"
"1998-04";"VVP";"-0.02248621"
"1998-05";"LD2010100";"90.9582"
"1998-05";"VVP";"0.08230326"
"1998-06";"LD2010100";"91.0665"
"1998-06";"VVP";"0.10090718"
"1998-07";"LD2010100";"90.9441"
"1998-07";"VVP";"0.07515752"
"1998-08";"LD2010100";"91.2031"
"1998-08";"VVP";"0.13966373"
"1998-09";"LD2010100";"91.1304"
"1998-09";"VVP";"0.06170793"
"1998-10";"LD2010100";"91.1122"
"1998-10";"VVP";"0.03425522"
"1998-11";"LD2010100";"90.9644"
"1998-11";"VVP";"-0.09851286"
"1998-12";"LD2010100";"90.945"
"1998-12";"VVP";"-0.16838935"
"1999-01";"LD2010100";"91.1315"
"1999-01";"VVP";"0.07302476"
"1999-02";"LD2010100";"91.4394"
"1999-02";"VVP";"0.28801186"
"1999-03";"LD2010100";"91.535"
"1999-03";"VVP";"0.46713072"
"1999-04";"LD2010100";"91.6877"
"1999-04";"VVP";"0.59376937"
"1999-05";"LD2010100";"91.4819"
"1999-05";"VVP";"0.57575898"
"1999-06";"LD2010100";"91.5893"
"1999-06";"VVP";"0.57408597"
"1999-07";"LD2010100";"91.6125"
"1999-07";"VVP";"0.73495697"
"1999-08";"LD2010100";"92.0658"
"1999-08";"VVP";"0.94591083"
"1999-09";"LD2010100";"92.2398"
"1999-09";"VVP";"1.21737642"
"1999-10";"LD2010100";"92.2388"
"1999-10";"VVP";"1.23649742"
"1999-11";"LD2010100";"92.1509"
"1999-11";"VVP";"1.30435643"
"1999-12";"LD2010100";"92.462"
"1999-12";"VVP";"1.66804112"
"2000-01";"LD2010100";"92.5762"
"2000-01";"VVP";"1.58529158"
"2000-02";"LD2010100";"92.9241"
"2000-02";"VVP";"1.62369832"
"2000-03";"LD2010100";"92.8924"
"2000-03";"VVP";"1.48293003"
"2000-04";"LD2010100";"92.9735"
"2000-04";"VVP";"1.40236913"
"2000-05";"LD2010100";"92.9278"
"2000-05";"VVP";"1.58053123"
"2000-06";"LD2010100";"93.2737"
"2000-06";"VVP";"1.83907946"
"2000-07";"LD2010100";"93.3428"
"2000-07";"VVP";"1.88871606"
"2000-08";"LD2010100";"93.1013"
"2000-08";"VVP";"1.12473905"
"2000-09";"LD2010100";"93.568"
"2000-09";"VVP";"1.43994241"
"2000-10";"LD2010100";"93.4678"
"2000-10";"VVP";"1.33241109"
"2000-11";"LD2010100";"93.9132"
"2000-11";"VVP";"1.91240672"
"2000-12";"LD2010100";"93.8428"
"2000-12";"VVP";"1.49337025"
"2001-01";"LD2010100";"93.7755"
"2001-01";"VVP";"1.29547335"
"2001-02";"LD2010100";"93.6486"
"2001-02";"VVP";"0.77966857"
"2001-03";"LD2010100";"93.7988"
"2001-03";"VVP";"0.97575259"
"2001-04";"LD2010100";"94.0582"
"2001-04";"VVP";"1.16667653"
"2001-05";"LD2010100";"94.5687"
"2001-05";"VVP";"1.76577945"
"2001-06";"LD2010100";"94.7479"
"2001-06";"VVP";"1.58050983"
"2001-07";"LD2010100";"94.6045"
"2001-07";"VVP";"1.35168433"
"2001-08";"LD2010100";"94.0797"
"2001-08";"VVP";"1.05089832"
"2001-09";"LD2010100";"94.1996"
"2001-09";"VVP";"0.6750171"
"2001-10";"LD2010100";"94.0568"
"2001-10";"VVP";"0.63016354"
"2001-11";"LD2010100";"94.1827"
"2001-11";"VVP";"0.28696711"
"2001-12";"LD2010100";"94.148"
"2001-12";"VVP";"0.32522474"
"2002-01";"LD2010100";"94.2645"
"2002-01";"VVP";"0.52145816"
"2002-02";"LD2010100";"94.2615"
"2002-02";"VVP";"0.65446787"
"2002-03";"LD2010100";"94.2767"
"2002-03";"VVP";"0.50949479"
"2002-04";"LD2010100";"95.0902"
"2002-04";"VVP";"1.09719301"
"2002-05";"LD2010100";"95.1815"
"2002-05";"VVP";"0.64799453"
"2002-06";"LD2010100";"95.0566"
"2002-06";"VVP";"0.32581197"
"2002-07";"LD2010100";"94.5556"
"2002-07";"VVP";"-0.05168887"
"2002-08";"LD2010100";"94.5243"
"2002-08";"VVP";"0.47257804"
"2002-09";"LD2010100";"94.6676"
"2002-09";"VVP";"0.4968174"
"2002-10";"LD2010100";"95.2204"
"2002-10";"VVP";"1.2371248"
"2002-11";"LD2010100";"95.045"
"2002-11";"VVP";"0.91556093"
"2002-12";"LD2010100";"94.9867"
"2002-12";"VVP";"0.89083146"
"2003-01";"LD2010100";"95.0627"
"2003-01";"VVP";"0.84676628"
"2003-02";"LD2010100";"95.1562"
"2003-02";"VVP";"0.94916801"
"2003-03";"LD2010100";"95.5392"
"2003-03";"VVP";"1.33914318"
"2003-04";"LD2010100";"95.729"
"2003-04";"VVP";"0.67178321"
"2003-05";"LD2010100";"95.5756"
"2003-05";"VVP";"0.41405105"
"2003-06";"LD2010100";"95.5776"
"2003-06";"VVP";"0.5480945"
"2003-07";"LD2010100";"94.8114"
"2003-07";"VVP";"0.27052866"
"2003-08";"LD2010100";"95.0321"
"2003-08";"VVP";"0.53721636"
"2003-09";"LD2010100";"95.1697"
"2003-09";"VVP";"0.53038209"
"2003-10";"LD2010100";"95.6525"
"2003-10";"VVP";"0.45378931"
"2003-11";"LD2010100";"95.5322"
"2003-11";"VVP";"0.5125993"
"2003-12";"LD2010100";"95.5508"
"2003-12";"VVP";"0.59387262"
"2004-01";"LD2010100";"95.2265"
"2004-01";"VVP";"0.17230733"
"2004-02";"LD2010100";"95.2425"
"2004-02";"VVP";"0.09069299"
"2004-03";"LD2010100";"95.4465"
"2004-03";"VVP";"-0.09702824"
"2004-04";"LD2010100";"96.2516"
"2004-04";"VVP";"0.54591608"
"2004-05";"LD2010100";"96.474"
"2004-05";"VVP";"0.93998887"
"2004-06";"LD2010100";"96.6405"
"2004-06";"VVP";"1.11208065"
"2004-07";"LD2010100";"95.6291"
"2004-07";"VVP";"0.86244903"
"2004-08";"LD2010100";"95.9834"
"2004-08";"VVP";"1.00103018"
"2004-09";"LD2010100";"95.989"
"2004-09";"VVP";"0.86088324"
"2004-10";"LD2010100";"96.8889"
"2004-10";"VVP";"1.29259559"
"2004-11";"LD2010100";"96.9819"
"2004-11";"VVP";"1.51749881"
"2004-12";"LD2010100";"96.8232"
"2004-12";"VVP";"1.33164767"
"2005-01";"LD2010100";"96.3739"
"2005-01";"VVP";"1.2049167"
"2005-02";"LD2010100";"96.5857"
"2005-02";"VVP";"1.41029477"
"2005-03";"LD2010100";"96.822"
"2005-03";"VVP";"1.44112147"
"2005-04";"LD2010100";"97.6145"
"2005-04";"VVP";"1.41597646"
"2005-05";"LD2010100";"97.5176"
"2005-05";"VVP";"1.08174223"
"2005-06";"LD2010100";"97.2984"
"2005-06";"VVP";"0.68077048"
"2005-07";"LD2010100";"96.7662"
"2005-07";"VVP";"1.1890732"
"2005-08";"LD2010100";"96.9056"
"2005-08";"VVP";"0.96079114"
"2005-09";"LD2010100";"97.3296"
"2005-09";"VVP";"1.39661836"
"2005-10";"LD2010100";"98.1806"
"2005-10";"VVP";"1.33317645"
"2005-11";"LD2010100";"97.9047"
"2005-11";"VVP";"0.95151776"
"2005-12";"LD2010100";"97.7976"
"2005-12";"VVP";"1.00637037"
"2006-01";"LD2010100";"97.6179"
"2006-01";"VVP";"1.29080591"
"2006-02";"LD2010100";"97.9221"
"2006-02";"VVP";"1.38364168"
"2006-03";"LD2010100";"97.8182"
"2006-03";"VVP";"1.02889839"
"2006-04";"LD2010100";"98.6484"
"2006-04";"VVP";"1.05916641"
"2006-05";"LD2010100";"98.8457"
"2006-05";"VVP";"1.361908"
"2006-06";"LD2010100";"98.8184"
"2006-06";"VVP";"1.56220452"
"2006-07";"LD2010100";"98.1449"
"2006-07";"VVP";"1.42477435"
"2006-08";"LD2010100";"98.3128"
"2006-08";"VVP";"1.45213486"
"2006-09";"LD2010100";"98.1023"
"2006-09";"VVP";"0.79390031"
"2006-10";"LD2010100";"98.4347"
"2006-10";"VVP";"0.25880877"
"2006-11";"LD2010100";"98.3919"
"2006-11";"VVP";"0.49762677"
"2006-12";"LD2010100";"98.405"
"2006-12";"VVP";"0.62107864"
"2007-01";"LD2010100";"97.7176"
"2007-01";"VVP";"0.10213291"
"2007-02";"LD2010100";"97.9109"
"2007-02";"VVP";"-0.01143766"
"2007-03";"LD2010100";"97.9871"
"2007-03";"VVP";"0.17266725"
"2007-04";"LD2010100";"99.0963"
"2007-04";"VVP";"0.45403676"
"2007-05";"LD2010100";"99.3281"
"2007-05";"VVP";"0.48803337"
"2007-06";"LD2010100";"99.4418"
"2007-06";"VVP";"0.63085417"
"2007-07";"LD2010100";"98.8518"
"2007-07";"VVP";"0.72026157"
"2007-08";"LD2010100";"98.7412"
"2007-08";"VVP";"0.43575201"
"2007-09";"LD2010100";"98.8352"
"2007-09";"VVP";"0.74707729"
"2007-10";"LD2010100";"99.6792"
"2007-10";"VVP";"1.26428993"
"2007-11";"LD2010100";"100.1337"
"2007-11";"VVP";"1.77026767"
"2007-12";"LD2010100";"100.3771"
"2007-12";"VVP";"2.00406483"
"2008-01";"LD2010100";"100.0885"
"2008-01";"VVP";"2.42627735"
"2008-02";"LD2010100";"100.2261"
"2008-02";"VVP";"2.36459883"
"2008-03";"LD2010100";"100.565"
"2008-03";"VVP";"2.63085651"
"2008-04";"LD2010100";"101.3596"
"2008-04";"VVP";"2.28393997"
"2008-05";"LD2010100";"102.1644"
"2008-05";"VVP";"2.85548601"
"2008-06";"LD2010100";"102.3372"
"2008-06";"VVP";"2.91165285"
"2008-07";"LD2010100";"101.8912"
"2008-07";"VVP";"3.07470375"
"2008-08";"LD2010100";"101.6259"
"2008-08";"VVP";"2.92147553"
"2008-09";"LD2010100";"101.7283"
"2008-09";"VVP";"2.92719598"
"2008-10";"LD2010100";"102.2689"
"2008-10";"VVP";"2.59803449"
"2008-11";"LD2010100";"101.5877"
"2008-11";"VVP";"1.4520586"
"2008-12";"LD2010100";"101.0807"
"2008-12";"VVP";"0.70095669"
"2009-01";"LD2010100";"100.2277"
"2009-01";"VVP";"0.13907692"
"2009-02";"LD2010100";"100.4641"
"2009-02";"VVP";"0.2374631"
"2009-03";"LD2010100";"100.1385"
"2009-03";"VVP";"-0.42410381"
"2009-04";"LD2010100";"101.0213"
"2009-04";"VVP";"-0.33376217"
"2009-05";"LD2010100";"101.1824"
"2009-05";"VVP";"-0.96119588"
"2009-06";"LD2010100";"101.364"
"2009-06";"VVP";"-0.95097384"
"2009-07";"LD2010100";"100.6913"
"2009-07";"VVP";"-1.17762869"
"2009-08";"LD2010100";"100.8027"
"2009-08";"VVP";"-0.81002973"
"2009-09";"LD2010100";"100.7899"
"2009-09";"VVP";"-0.92245717"
"2009-10";"LD2010100";"101.4163"
"2009-10";"VVP";"-0.83368453"
"2009-11";"LD2010100";"101.612"
"2009-11";"VVP";"0.02392022"
"2009-12";"LD2010100";"101.3665"
"2009-12";"VVP";"0.28274438"
"2010-01";"LD2010100";"101.2538"
"2010-01";"VVP";"1.02376888"
"2010-02";"LD2010100";"101.4012"
"2010-02";"VVP";"0.93277101"
"2010-03";"LD2010100";"101.5402"
"2010-03";"VVP";"1.39976133"
"2010-04";"LD2010100";"102.408"
"2010-04";"VVP";"1.37268081"
"2010-05";"LD2010100";"102.3022"
"2010-05";"VVP";"1.10671421"
"2010-06";"LD2010100";"101.8569"
"2010-06";"VVP";"0.48626731"
"2010-07";"LD2010100";"101.1126"
"2010-07";"VVP";"0.41840755"
"2010-08";"LD2010100";"101.0986"
"2010-08";"VVP";"0.29354372"
"2010-09";"LD2010100";"101.0752"
"2010-09";"VVP";"0.28306408"
"2010-10";"LD2010100";"101.613"
"2010-10";"VVP";"0.19395304"
"2010-11";"LD2010100";"101.857"
"2010-11";"VVP";"0.24111325"
"2010-12";"LD2010100";"101.8931"
"2010-12";"VVP";"0.51950102"
"2011-01";"LD2010100";"101.5358"
"2011-01";"VVP";"0.27850807"
"2011-02";"LD2010100";"101.9185"
"2011-02";"VVP";"0.51015175"
"2011-03";"LD2010100";"102.5599"
"2011-03";"VVP";"1.00423281"
"2011-04";"LD2010100";"102.6731"
"2011-04";"VVP";"0.25886649"
"2011-05";"LD2010100";"102.6798"
"2011-05";"VVP";"0.36910252"
"2011-06";"LD2010100";"102.4316"
"2011-06";"VVP";"0.56422294"
"2011-07";"LD2010100";"101.5899"
"2011-07";"VVP";"0.47204799"
"2011-08";"LD2010100";"101.2929"
"2011-08";"VVP";"0.19218862"
"2011-09";"LD2010100";"101.5661"
"2011-09";"VVP";"0.48567799"
"2011-10";"LD2010100";"101.4987"
"2011-10";"VVP";"-0.11248561"
"2011-11";"LD2010100";"101.3215"
"2011-11";"VVP";"-0.52573706"
"2011-12";"LD2010100";"101.1649"
"2011-12";"VVP";"-0.71467057"
"2012-01";"LD2010100";"100.7342"
"2012-01";"VVP";"-0.78947524"
"2012-02";"LD2010100";"101.018"
"2012-02";"VVP";"-0.88354911"
"2012-03";"LD2010100";"101.5812"
"2012-03";"VVP";"-0.9542716"
"2012-04";"LD2010100";"101.6571"
"2012-04";"VVP";"-0.98954838"
"2012-05";"LD2010100";"101.639"
"2012-05";"VVP";"-1.01363657"
"2012-06";"LD2010100";"101.3523"
"2012-06";"VVP";"-1.05367875"
"2012-07";"LD2010100";"100.8645"
"2012-07";"VVP";"-0.71404736"
"2012-08";"LD2010100";"100.834"
"2012-08";"VVP";"-0.45304261"
"2012-09";"LD2010100";"101.1483"
"2012-09";"VVP";"-0.41135773"
"2012-10";"LD2010100";"101.2732"
"2012-10";"VVP";"-0.22217033"
"2012-11";"LD2010100";"100.9411"
"2012-11";"VVP";"-0.37543858"
"2012-12";"LD2010100";"100.7254"
"2012-12";"VVP";"-0.43443922"
"2013-01";"LD2010100";"100.4625"
"2013-01";"VVP";"-0.26971972"
"2013-02";"LD2010100";"100.7593"
"2013-02";"VVP";"-0.25609297"
"2013-03";"LD2010100";"100.9782"
"2013-03";"VVP";"-0.59361378"
"2013-04";"LD2010100";"101.0122"
"2013-04";"VVP";"-0.63438756"
"2013-05";"LD2010100";"101.1233"
"2013-05";"VVP";"-0.50738398"
"2013-06";"LD2010100";"101.2226"
"2013-06";"VVP";"-0.12796947"
"2013-07";"LD2010100";"100.8617"
"2013-07";"VVP";"-0.002776"
"2013-08";"LD2010100";"100.7891"
"2013-08";"VVP";"-0.04452863"
"2013-09";"LD2010100";"101.0923"
"2013-09";"VVP";"-0.05536425"
"2013-10";"LD2010100";"101.0147"
"2013-10";"VVP";"-0.25525016"
"2013-11";"LD2010100";"101.0217"
"2013-11";"VVP";"0.07984855"
"2013-12";"LD2010100";"100.793"
"2013-12";"VVP";"0.06711316"
"2014-01";"LD2010100";"100.5172"
"2014-01";"VVP";"0.05444818"
"2014-02";"LD2010100";"100.6171"
"2014-02";"VVP";"-0.14112841"
"2014-03";"LD2010100";"100.9811"
"2014-03";"VVP";"0.00287191"
"2014-04";"LD2010100";"101.0506"
"2014-04";"VVP";"0.03801521"
"2014-05";"LD2010100";"101.3465"
"2014-05";"VVP";"0.22072064"
"2014-06";"LD2010100";"101.2729"
"2014-06";"VVP";"0.04969246"
"2014-07";"LD2010100";"100.8938"
"2014-07";"VVP";"0.03182576"
"2014-08";"LD2010100";"100.8613"
"2014-08";"VVP";"0.07163473"
"2014-09";"LD2010100";"101.0037"
"2014-09";"VVP";"-0.08764268"
"2014-10";"LD2010100";"101.0019"
"2014-10";"VVP";"-0.01267142"
"2014-11";"LD2010100";"100.9625"
"2014-11";"VVP";"-0.05860127"
"2014-12";"LD2010100";"100.4619"
"2014-12";"VVP";"-0.32849503"
"2015-01";"LD2010100";"100.0294"
"2015-01";"VVP";"-0.48529008"
"2015-02";"LD2010100";"99.7723"
"2015-02";"VVP";"-0.83961871"
"2015-03";"LD2010100";"100.0978"
"2015-03";"VVP";"-0.87471814"
"2015-04";"LD2010100";"99.9161"
"2015-04";"VVP";"-1.12270486"
"2015-05";"LD2010100";"100.1488"
"2015-05";"VVP";"-1.18178723"
"2015-06";"LD2010100";"100.2224"
"2015-06";"VVP";"-1.03729626"
"2015-07";"LD2010100";"99.6065"
"2015-07";"VVP";"-1.27589604"
"2015-08";"LD2010100";"99.4468"
"2015-08";"VVP";"-1.40242095"
"2015-09";"LD2010100";"99.5455"
"2015-09";"VVP";"-1.44370949"
"2015-10";"LD2010100";"99.6284"
"2015-10";"VVP";"-1.35987541"
"2015-11";"LD2010100";"99.5566"
"2015-11";"VVP";"-1.39249721"
"2015-12";"LD2010100";"99.1475"
"2015-12";"VVP";"-1.3083567"
"2016-01";"LD2010100";"98.7623"
"2016-01";"VVP";"-1.26672758"
"2016-02";"LD2010100";"98.9457"
"2016-02";"VVP";"-0.82848646"
"2016-03";"LD2010100";"99.2362"
"2016-03";"VVP";"-0.86075818"
"2016-04";"LD2010100";"99.5645"
"2016-04";"VVP";"-0.35189524"
"2016-05";"LD2010100";"99.7082"
"2016-05";"VVP";"-0.43994536"
"2016-06";"LD2010100";"99.8475"
"2016-06";"VVP";"-0.37406807"
"2016-07";"LD2010100";"99.4044"
"2016-07";"VVP";"-0.20289841"
"2016-08";"LD2010100";"99.3045"
"2016-08";"VVP";"-0.14309158"
"2016-09";"LD2010100";"99.3649"
"2016-09";"VVP";"-0.18142457"
"2016-10";"LD2010100";"99.4164"
"2016-10";"VVP";"-0.21279073"
"2016-11";"LD2010100";"99.2198"
"2016-11";"VVP";"-0.33830002"
"2016-12";"LD2010100";"99.1409"
"2016-12";"VVP";"-0.00665675"
"2017-01";"LD2010100";"99.107"
"2017-01";"VVP";"0.34901982"
"2017-02";"LD2010100";"99.5849"
"2017-02";"VVP";"0.64601089"
"2017-03";"LD2010100";"99.7997"
"2017-03";"VVP";"0.56783714"
"2017-04";"LD2010100";"100.0004"
"2017-04";"VVP";"0.43780665"
"2017-05";"LD2010100";"100.1862"
"2017-05";"VVP";"0.47939889"
"2017-06";"LD2010100";"100.0444"
"2017-06";"VVP";"0.19720073"
"2017-07";"LD2010100";"99.7317"
"2017-07";"VVP";"0.32926108"
"2017-08";"LD2010100";"99.764"
"2017-08";"VVP";"0.46271821"
"2017-09";"LD2010100";"100.0128"
"2017-09";"VVP";"0.65204111"
"2017-10";"LD2010100";"100.0735"
"2017-10";"VVP";"0.66095735"
"2017-11";"LD2010100";"100.0008"
"2017-11";"VVP";"0.78714128"
"2017-12";"LD2010100";"99.9723"
"2017-12";"VVP";"0.83860445"
"2018-01";"LD2010100";"99.8406"
"2018-01";"VVP";"0.74021008"
"2018-02";"LD2010100";"100.2103"
"2018-02";"VVP";"0.62800686"
"2018-03";"LD2010100";"100.5935"
"2018-03";"VVP";"0.79539317"
"2018-04";"LD2010100";"100.8036"
"2018-04";"VVP";"0.80319679"
"2018-05";"LD2010100";"101.1873"
"2018-05";"VVP";"0.99923942"
"2018-06";"LD2010100";"101.1915"
"2018-06";"VVP";"1.14659091"
"2018-07";"LD2010100";"100.9588"
"2018-07";"VVP";"1.23040117"
"2018-08";"LD2010100";"100.9422"
"2018-08";"VVP";"1.18098713"
"2018-09";"LD2010100";"101.0024"
"2018-09";"VVP";"0.98947335"
"2018-10";"LD2010100";"101.1808"
"2018-10";"VVP";"1.10648673"
"2018-11";"LD2010100";"100.9228"
"2018-11";"VVP";"0.92199262"
"2018-12";"LD2010100";"100.6637"
"2018-12";"VVP";"0.69159157"
"2019-01";"LD2010100";"100.3998"
"2019-01";"VVP";"0.56009279"
"2019-02";"LD2010100";"100.7902"
"2019-02";"VVP";"0.57868303"
"2019-03";"LD2010100";"101.3269"
"2019-03";"VVP";"0.72907295"
"2019-04";"LD2010100";"101.5174"
"2019-04";"VVP";"0.70810963"
"2019-05";"LD2010100";"101.8291"
"2019-05";"VVP";"0.63426932"
"2019-06";"LD2010100";"101.7989"
"2019-06";"VVP";"0.60024804"
"2019-07";"LD2010100";"101.2735"
"2019-07";"VVP";"0.31171131"
"2019-08";"LD2010100";"101.2632"
"2019-08";"VVP";"0.31800377"
"2019-09";"LD2010100";"101.1522"
"2019-09";"VVP";"0.14831331"
"2019-10";"LD2010100";"100.9247"
"2019-10";"VVP";"-0.25311126"
"2019-11";"LD2010100";"100.7904"
"2019-11";"VVP";"-0.13118938"
"2019-12";"LD2010100";"100.8205"
"2019-12";"VVP";"0.15576618"
"2020-01";"LD2010100";"100.6029"
"2020-01";"VVP";"0.20229124"
"2020-02";"LD2010100";"100.7274"
"2020-02";"VVP";"-0.06230764"
"2020-03";"LD2010100";"100.8049"
"2020-03";"VVP";"-0.51516429"
"2020-04";"LD2010100";"100.4381"
"2020-04";"VVP";"-1.0631675"
"2020-05";"LD2010100";"100.4803"
"2020-05";"VVP";"-1.32457225"
"2020-06";"LD2010100";"100.5012"
"2020-06";"VVP";"-1.27476819"
"2020-07";"LD2010100";"100.3419"
"2020-07";"VVP";"-0.91988526"
"2020-08";"LD2010100";"100.3861"
"2020-08";"VVP";"-0.86615868"
"2020-09";"LD2010100";"100.3431"
"2020-09";"VVP";"-0.79988374"
"2020-10";"LD2010100";"100.3492"
"2020-10";"VVP";"-0.57022711"
"2020-11";"LD2010100";"100.1002"
"2020-11";"VVP";"-0.68478744"
"2020-12";"LD2010100";"100"
"2020-12";"VVP";"-0.81382259"
"2021-01";"LD2010100";"100.0553"
"2021-01";"VVP";"-0.5443183"
"2021-02";"LD2010100";"100.2198"
"2021-02";"VVP";"-0.50393438"
"2021-03";"LD2010100";"100.5577"
"2021-03";"VVP";"-0.24522617"
"2021-04";"LD2010100";"100.7675"
"2021-04";"VVP";"0.32796319"
"2021-05";"LD2010100";"101.0339"
"2021-05";"VVP";"0.55095377"
"2021-06";"LD2010100";"101.1087"
"2021-06";"VVP";"0.60447039"
"2021-07";"LD2010100";"101.023"
"2021-07";"VVP";"0.67877925"
"2021-08";"LD2010100";"101.2711"
"2021-08";"VVP";"0.88159616"
"2021-09";"LD2010100";"101.2887"
"2021-09";"VVP";"0.94236674"
"2021-10";"LD2010100";"101.5954"
"2021-10";"VVP";"1.24186341"
"2021-11";"LD2010100";"101.6346"
"2021-11";"VVP";"1.53286407"
"2021-12";"LD2010100";"101.5311"
"2021-12";"VVP";"1.5311"
"2022-01";"LD2010100";"101.705"
"2022-01";"VVP";"1.64878822"
"2022-02";"LD2010100";"102.3754"
"2022-02";"VVP";"2.15087238"
"2022-03";"LD2010100";"102.9572"
"2022-03";"VVP";"2.38619221"
"2022-04";"LD2010100";"103.3351"
"2022-04";"VVP";"2.54804376"
"2022-05";"LD2010100";"104.0068"
"2022-05";"VVP";"2.94247772"
"2022-06";"LD2010100";"104.5312"
"2022-06";"VVP";"3.38497083"
"2022-07";"LD2010100";"104.4916"
"2022-07";"VVP";"3.43347555"
"2022-08";"LD2010100";"104.7671"
"2022-08";"VVP";"3.4521201"
"2022-09";"LD2010100";"104.5831"
"2022-09";"VVP";"3.25248522"
"2022-10";"LD2010100";"104.6392"
"2022-10";"VVP";"2.99600179"
"2022-11";"LD2010100";"104.6432"
"2022-11";"VVP";"2.96021237"
"2022-12";"LD2010100";"104.4149"
"2022-12";"VVP";"2.84031198"
"2023-01";"LD2010100";"105.0435"
"2023-01";"VVP";"3.28253282"
"2023-02";"LD2010100";"105.8273"
"2023-02";"VVP";"3.37180612"
"2023-03";"LD2010100";"105.9896"
"2023-03";"VVP";"2.94530154"
"2023-04";"LD2010100";"105.986"
"2023-04";"VVP";"2.56534324"
"2023-05";"LD2010100";"106.252"
"2023-05";"VVP";"2.15870501"
"2023-06";"LD2010100";"106.3196"
"2023-06";"VVP";"1.71087675"
"2023-07";"LD2010100";"106.1688"
"2023-07";"VVP";"1.6051051"
"2023-08";"LD2010100";"106.3955"
"2023-08";"VVP";"1.55430474"
"2023-09";"LD2010100";"106.3136"
"2023-09";"VVP";"1.65466505"
"2023-10";"LD2010100";"106.4112"
"2023-10";"VVP";"1.69343802"
"2023-11";"LD2010100";"106.1539"
"2023-11";"VVP";"1.44366762"
"2023-12";"LD2010100";"106.2055"
"2023-12";"VVP";"1.71488935"
"2024-01";"LD2010100";"106.3866"
"2024-01";"VVP";"1.27861315"
"2024-02";"LD2010100";"107.0638"
"2024-02";"VVP";"1.16841307"
"2024-03";"LD2010100";"107.0971"
"2024-03";"VVP";"1.04491384"
"2024-04";"LD2010100";"107.4357"
"2024-04";"VVP";"1.36782217"
"2024-05";"LD2010100";"107.729"
"2024-05";"VVP";"1.39009148"
"2024-06";"LD2010100";"107.7316"
"2024-06";"VVP";"1.32807121"
"2024-07";"LD2010100";"107.539"
"2024-07";"VVP";"1.29058631"
"2024-08";"LD2010100";"107.5237"
"2024-08";"VVP";"1.06038319"
"2024-09";"LD2010100";"107.2098"
"2024-09";"VVP";"0.84297776"
"2024-10";"LD2010100";"107.0741"
"2024-10";"VVP";"0.62296074"
"2024-11";"LD2010100";"106.9296"
"2024-11";"VVP";"0.73073151"
"2024-12";"LD2010100";"106.8708"
"2024-12";"VVP";"0.62642707"
"2025-01";"LD2010100";"106.8138"
"2025-01";"VVP";"0.40155433"
"2025-02";"LD2010100";"107.4115"
"2025-02";"VVP";"0.32475963"
"2025-03";"LD2010100";"107.4637"
"2025-03";"VVP";"0.34230619"
"2025-04";"LD2010100";"107.4725"
"2025-04";"VVP";"0.03425305"
"2025-05";"LD2010100";"107.6215"
"2025-05";"VVP";"-0.09978743"
"2025-06";"LD2010100";"107.8156"
"2025-06";"VVP";"0.07797155"
"2025-07";"LD2010100";"107.7734"
"2025-07";"VVP";"0.21796744"
"2025-08";"LD2010100";"107.6873"
"2025-08";"VVP";"0.1521525"
"2025-09";"LD2010100";"107.4504"
"2025-09";"VVP";"0.22441978"
