"CubeId";"conretail"
"PublishingDate";"2025-10-21 09:00"

"Date";"D0";"Value"
"2002-01";"I0";"79.57809859"
"2002-01";"VVP0";"2.42812204"
"2002-01";"I1";"80.0283463"
"2002-01";"VVP1";"2.07156773"
"2002-01";"I2";"70.02590716"
"2002-01";"VVP2";"2.42171941"
"2002-01";"I3";"71.0143778"
"2002-01";"VVP3";"2.17844723"
"2002-02";"I0";"75.52475787"
"2002-02";"VVP0";"2.36800805"
"2002-02";"I1";"75.87144183"
"2002-02";"VVP1";"1.61735153"
"2002-02";"I2";"66.48176752"
"2002-02";"VVP2";"1.97066722"
"2002-02";"I3";"67.34857025"
"2002-02";"VVP3";"1.37210671"
"2002-03";"I0";"80.48399649"
"2002-03";"VVP0";"2.80348987"
"2002-03";"I1";"81.26738664"
"2002-03";"VVP1";"2.34347685"
"2002-03";"I2";"70.7732396"
"2002-03";"VVP2";"2.47359431"
"2002-03";"I3";"72.0567297"
"2002-03";"VVP3";"2.14689338"
"2002-04";"I0";"79.9209791"
"2002-04";"VVP0";"1.44415943"
"2002-04";"I1";"79.77724586"
"2002-04";"VVP1";"1.08418483"
"2002-04";"I2";"69.5949388"
"2002-04";"VVP2";"0.38038675"
"2002-04";"I3";"70.00660118"
"2002-04";"VVP3";"0.15193256"
"2002-05";"I0";"84.69187099"
"2002-05";"VVP0";"0.10549486"
"2002-05";"I1";"84.29294331"
"2002-05";"VVP1";"-0.38370959"
"2002-05";"I2";"73.74092979"
"2002-05";"VVP2";"-0.44804324"
"2002-05";"I3";"73.93536508"
"2002-05";"VVP3";"-0.73691192"
"2002-06";"I0";"75.23568205"
"2002-06";"VVP0";"-2.57586461"
"2002-06";"I1";"76.14031905"
"2002-06";"VVP1";"-2.91053885"
"2002-06";"I2";"65.58430516"
"2002-06";"VVP2";"-2.59494113"
"2002-06";"I3";"66.87062372"
"2002-06";"VVP3";"-2.74825074"
"2002-07";"I0";"78.4722167"
"2002-07";"VVP0";"-0.41673357"
"2002-07";"I1";"79.00639901"
"2002-07";"VVP1";"-0.6816193"
"2002-07";"I2";"69.29587247"
"2002-07";"VVP2";"0.72282855"
"2002-07";"I3";"70.26653077"
"2002-07";"VVP3";"0.48951737"
"2002-08";"I0";"74.48332593"
"2002-08";"VVP0";"0.06004222"
"2002-08";"I1";"75.899738"
"2002-08";"VVP1";"-0.30158371"
"2002-08";"I2";"65.79759818"
"2002-08";"VVP2";"0.16576109"
"2002-08";"I3";"67.55293128"
"2002-08";"VVP3";"-0.14404653"
"2002-09";"I0";"78.5176031"
"2002-09";"VVP0";"-2.57582261"
"2002-09";"I1";"79.41919178"
"2002-09";"VVP1";"-2.73744103"
"2002-09";"I2";"69.42893623"
"2002-09";"VVP2";"-2.34439755"
"2002-09";"I3";"70.72591892"
"2002-09";"VVP3";"-2.44221744"
"2002-10";"I0";"82.54755872"
"2002-10";"VVP0";"1.15851306"
"2002-10";"I1";"83.117417"
"2002-10";"VVP1";"0.92097468"
"2002-10";"I2";"72.14641536"
"2002-10";"VVP2";"0.07798015"
"2002-10";"I3";"73.17511289"
"2002-10";"VVP3";"-0.13642789"
"2002-11";"I0";"86.62582251"
"2002-11";"VVP0";"-2.57215635"
"2002-11";"I1";"87.47768988"
"2002-11";"VVP1";"-2.2961418"
"2002-11";"I2";"75.81231518"
"2002-11";"VVP2";"-2.95400317"
"2002-11";"I3";"77.13586758"
"2002-11";"VVP3";"-2.71681634"
"2002-12";"I0";"101.99086833"
"2002-12";"VVP0";"-2.37605859"
"2002-12";"I1";"101.1842651"
"2002-12";"VVP1";"-2.34731316"
"2002-12";"I2";"89.41349483"
"2002-12";"VVP2";"-2.37686654"
"2002-12";"I3";"89.41397798"
"2002-12";"VVP3";"-2.35568525"
"2003-01";"I0";"79.39537446"
"2003-01";"VVP0";"-0.22961611"
"2003-01";"I1";"79.97355119"
"2003-01";"VVP1";"-0.06846962"
"2003-01";"I2";"70.33656346"
"2003-01";"VVP2";"0.44363052"
"2003-01";"I3";"71.35387921"
"2003-01";"VVP3";"0.47807418"
"2003-02";"I0";"73.95911856"
"2003-02";"VVP0";"-2.07301466"
"2003-02";"I1";"74.64275399"
"2003-02";"VVP1";"-1.61943389"
"2003-02";"I2";"65.34359808"
"2003-02";"VVP2";"-1.71200238"
"2003-02";"I3";"66.41572946"
"2003-02";"VVP3";"-1.38509369"
"2003-03";"I0";"78.98619237"
"2003-03";"VVP0";"-1.86099621"
"2003-03";"I1";"79.97349192"
"2003-03";"VVP1";"-1.5921451"
"2003-03";"I2";"69.5435501"
"2003-03";"VVP2";"-1.7375063"
"2003-03";"I3";"70.88301568"
"2003-03";"VVP3";"-1.62887495"
"2003-04";"I0";"80.21319235"
"2003-04";"VVP0";"0.36562772"
"2003-04";"I1";"80.47602438"
"2003-04";"VVP1";"0.87591206"
"2003-04";"I2";"69.80869071"
"2003-04";"VVP2";"0.30713716"
"2003-04";"I3";"70.55181504"
"2003-04";"VVP3";"0.77880351"
"2003-05";"I0";"84.15830362"
"2003-05";"VVP0";"-0.63001014"
"2003-05";"I1";"84.33269653"
"2003-05";"VVP1";"0.04716079"
"2003-05";"I2";"73.22826754"
"2003-05";"VVP2";"-0.69522075"
"2003-05";"I3";"73.96009689"
"2003-05";"VVP3";"0.03345057"
"2003-06";"I0";"75.67334661"
"2003-06";"VVP0";"0.58172472"
"2003-06";"I1";"76.61552684"
"2003-06";"VVP1";"0.62412109"
"2003-06";"I2";"65.85346804"
"2003-06";"VVP2";"0.41040745"
"2003-06";"I3";"67.20929629"
"2003-06";"VVP3";"0.50645942"
"2003-07";"I0";"79.06573448"
"2003-07";"VVP0";"0.7563413"
"2003-07";"I1";"79.62894227"
"2003-07";"VVP1";"0.78796562"
"2003-07";"I2";"69.88535432"
"2003-07";"VVP2";"0.85067382"
"2003-07";"I3";"70.93093043"
"2003-07";"VVP3";"0.94554214"
"2003-08";"I0";"72.77707561"
"2003-08";"VVP0";"-2.29078159"
"2003-08";"I1";"74.14979035"
"2003-08";"VVP1";"-2.30560434"
"2003-08";"I2";"64.25775089"
"2003-08";"VVP2";"-2.34027887"
"2003-08";"I3";"65.94089012"
"2003-08";"VVP3";"-2.38633785"
"2003-09";"I0";"79.75034257"
"2003-09";"VVP0";"1.57001669"
"2003-09";"I1";"80.53184083"
"2003-09";"VVP1";"1.40098259"
"2003-09";"I2";"70.41557022"
"2003-09";"VVP2";"1.42107029"
"2003-09";"I3";"71.58517221"
"2003-09";"VVP3";"1.2149058"
"2003-10";"I0";"83.97025121"
"2003-10";"VVP0";"1.72348221"
"2003-10";"I1";"84.30106746"
"2003-10";"VVP1";"1.42407032"
"2003-10";"I2";"73.27911402"
"2003-10";"VVP2";"1.56999992"
"2003-10";"I3";"74.11006165"
"2003-10";"VVP3";"1.27768679"
"2003-11";"I0";"85.1424039"
"2003-11";"VVP0";"-1.71244389"
"2003-11";"I1";"85.86386695"
"2003-11";"VVP1";"-1.84483945"
"2003-11";"I2";"74.35874254"
"2003-11";"VVP2";"-1.91733049"
"2003-11";"I3";"75.56430278"
"2003-11";"VVP3";"-2.03739822"
"2003-12";"I0";"102.98765979"
"2003-12";"VVP0";"0.97733403"
"2003-12";"I1";"102.34880112"
"2003-12";"VVP1";"1.15090624"
"2003-12";"I2";"89.9682555"
"2003-12";"VVP2";"0.62044401"
"2003-12";"I3";"90.08795246"
"2003-12";"VVP3";"0.75376859"
"2004-01";"I0";"82.05260008"
"2004-01";"VVP0";"3.34682674"
"2004-01";"I1";"82.64794925"
"2004-01";"VVP1";"3.34410316"
"2004-01";"I2";"72.52411319"
"2004-01";"VVP2";"3.11011745"
"2004-01";"I3";"73.59845753"
"2004-01";"VVP3";"3.14569908"
"2004-02";"I0";"74.85095182"
"2004-02";"VVP0";"1.20584625"
"2004-02";"I1";"75.37099361"
"2004-02";"VVP1";"0.97563338"
"2004-02";"I2";"66.23276878"
"2004-02";"VVP2";"1.36076176"
"2004-02";"I3";"67.1752042"
"2004-02";"VVP3";"1.14351638"
"2004-03";"I0";"79.66553276"
"2004-03";"VVP0";"0.86007486"
"2004-03";"I1";"80.57864369"
"2004-03";"VVP1";"0.75669044"
"2004-03";"I2";"70.39299226"
"2004-03";"VVP2";"1.22145355"
"2004-03";"I3";"71.69865012"
"2004-03";"VVP3";"1.15067683"
"2004-04";"I0";"81.35583097"
"2004-04";"VVP0";"1.42450211"
"2004-04";"I1";"81.65113583"
"2004-04";"VVP1";"1.46020066"
"2004-04";"I2";"70.69123494"
"2004-04";"VVP2";"1.26423259"
"2004-04";"I3";"71.45421763"
"2004-04";"VVP3";"1.2790636"
"2004-05";"I0";"85.09483167"
"2004-05";"VVP0";"1.11281717"
"2004-05";"I1";"85.65881218"
"2004-05";"VVP1";"1.57248103"
"2004-05";"I2";"74.07881546"
"2004-05";"VVP2";"1.16150217"
"2004-05";"I3";"75.02111721"
"2004-05";"VVP3";"1.43458483"
"2004-06";"I0";"78.1161387"
"2004-06";"VVP0";"3.22807461"
"2004-06";"I1";"79.15350422"
"2004-06";"VVP1";"3.31261494"
"2004-06";"I2";"67.89777401"
"2004-06";"VVP2";"3.10432545"
"2004-06";"I3";"69.17578436"
"2004-06";"VVP3";"2.92591677"
"2004-07";"I0";"79.4064284"
"2004-07";"VVP0";"0.43089958"
"2004-07";"I1";"80.16020328"
"2004-07";"VVP1";"0.66717074"
"2004-07";"I2";"70.20189161"
"2004-07";"VVP2";"0.45293795"
"2004-07";"I3";"71.30396262"
"2004-07";"VVP3";"0.52590907"
"2004-08";"I0";"75.1632151"
"2004-08";"VVP0";"3.27869657"
"2004-08";"I1";"76.75585289"
"2004-08";"VVP1";"3.51459192"
"2004-08";"I2";"66.63296559"
"2004-08";"VVP2";"3.69638629"
"2004-08";"I3";"68.41023943"
"2004-08";"VVP3";"3.7447922"
"2004-09";"I0";"78.45923644"
"2004-09";"VVP0";"-1.6189349"
"2004-09";"I1";"79.65503979"
"2004-09";"VVP1";"-1.08876318"
"2004-09";"I2";"69.55357398"
"2004-09";"VVP2";"-1.22415573"
"2004-09";"I3";"70.9863989"
"2004-09";"VVP3";"-0.83644879"
"2004-10";"I0";"82.5019827"
"2004-10";"VVP0";"-1.74855796"
"2004-10";"I1";"83.50685288"
"2004-10";"VVP1";"-0.94211687"
"2004-10";"I2";"72.22625572"
"2004-10";"VVP2";"-1.43677815"
"2004-10";"I3";"73.50422377"
"2004-10";"VVP3";"-0.81748397"
"2004-11";"I0";"87.19660192"
"2004-11";"VVP0";"2.41266152"
"2004-11";"I1";"88.31130621"
"2004-11";"VVP1";"2.85037159"
"2004-11";"I2";"76.38060716"
"2004-11";"VVP2";"2.71906778"
"2004-11";"I3";"77.76579883"
"2004-11";"VVP3";"2.91340747"
"2004-12";"I0";"100.47430911"
"2004-12";"VVP0";"-2.44043868"
"2004-12";"I1";"100.08873571"
"2004-12";"VVP1";"-2.20819921"
"2004-12";"I2";"88.0511805"
"2004-12";"VVP2";"-2.13083492"
"2004-12";"I3";"88.23156023"
"2004-12";"VVP3";"-2.06064427"
"2005-01";"I0";"80.68516497"
"2005-01";"VVP0";"-1.66653477"
"2005-01";"I1";"81.69554322"
"2005-01";"VVP1";"-1.15236499"
"2005-01";"I2";"71.49260681"
"2005-01";"VVP2";"-1.42229438"
"2005-01";"I3";"72.85140708"
"2005-01";"VVP3";"-1.01503547"
"2005-02";"I0";"75.68549401"
"2005-02";"VVP0";"1.11493865"
"2005-02";"I1";"76.37119653"
"2005-02";"VVP1";"1.32703957"
"2005-02";"I2";"66.96608822"
"2005-02";"VVP2";"1.10718525"
"2005-02";"I3";"67.99186489"
"2005-02";"VVP3";"1.21571746"
"2005-03";"I0";"81.64681943"
"2005-03";"VVP0";"2.48700612"
"2005-03";"I1";"82.84865196"
"2005-03";"VVP1";"2.81713387"
"2005-03";"I2";"72.14243752"
"2005-03";"VVP2";"2.48525486"
"2005-03";"I3";"73.63953979"
"2005-03";"VVP3";"2.70701006"
"2005-04";"I0";"82.78846213"
"2005-04";"VVP0";"1.76094466"
"2005-04";"I1";"83.24127793"
"2005-04";"VVP1";"1.94748314"
"2005-04";"I2";"72.30753537"
"2005-04";"VVP2";"2.28642269"
"2005-04";"I3";"73.09747239"
"2005-04";"VVP3";"2.29973095"
"2005-05";"I0";"84.18410879"
"2005-05";"VVP0";"-1.07024464"
"2005-05";"I1";"85.11138458"
"2005-05";"VVP1";"-0.63907913"
"2005-05";"I2";"73.56913261"
"2005-05";"VVP2";"-0.68802781"
"2005-05";"I3";"74.74629434"
"2005-05";"VVP3";"-0.36632736"
"2005-06";"I0";"80.04048382"
"2005-06";"VVP0";"2.46344117"
"2005-06";"I1";"81.08569608"
"2005-06";"VVP1";"2.44106926"
"2005-06";"I2";"69.92951629"
"2005-06";"VVP2";"2.99235478"
"2005-06";"I3";"71.22323793"
"2005-06";"VVP3";"2.95978368"
"2005-07";"I0";"81.81487253"
"2005-07";"VVP0";"3.03305938"
"2005-07";"I1";"82.76120159"
"2005-07";"VVP1";"3.24475014"
"2005-07";"I2";"72.91294878"
"2005-07";"VVP2";"3.86180075"
"2005-07";"I3";"74.04313036"
"2005-07";"VVP3";"3.84153648"
"2005-08";"I0";"77.70630595"
"2005-08";"VVP0";"3.3834248"
"2005-08";"I1";"79.5523343"
"2005-08";"VVP1";"3.64334615"
"2005-08";"I2";"69.35110091"
"2005-08";"VVP2";"4.07926512"
"2005-08";"I3";"71.22050038"
"2005-08";"VVP3";"4.10795368"
"2005-09";"I0";"79.10570447"
"2005-09";"VVP0";"0.82395402"
"2005-09";"I1";"80.72853289"
"2005-09";"VVP1";"1.34767757"
"2005-09";"I2";"70.60673302"
"2005-09";"VVP2";"1.51416955"
"2005-09";"I3";"72.21684104"
"2005-09";"VVP3";"1.73334915"
"2005-10";"I0";"85.06352956"
"2005-10";"VVP0";"3.10483068"
"2005-10";"I1";"86.5909072"
"2005-10";"VVP1";"3.69317513"
"2005-10";"I2";"75.01282496"
"2005-10";"VVP2";"3.85811117"
"2005-10";"I3";"76.47087418"
"2005-10";"VVP3";"4.03602713"
"2005-11";"I0";"88.12747635"
"2005-11";"VVP0";"1.06755816"
"2005-11";"I1";"89.51704845"
"2005-11";"VVP1";"1.36533167"
"2005-11";"I2";"77.77704203"
"2005-11";"VVP2";"1.82825841"
"2005-11";"I3";"79.21958412"
"2005-11";"VVP3";"1.86944044"
"2005-12";"I0";"101.91406405"
"2005-12";"VVP0";"1.43295829"
"2005-12";"I1";"101.82554286"
"2005-12";"VVP1";"1.73526735"
"2005-12";"I2";"89.84964089"
"2005-12";"VVP2";"2.04251707"
"2005-12";"I3";"90.07733333"
"2005-12";"VVP3";"2.0919647"
"2006-01";"I0";"82.16393612"
"2006-01";"VVP0";"1.83276709"
"2006-01";"I1";"83.58335286"
"2006-01";"VVP1";"2.31078656"
"2006-01";"I2";"73.09712666"
"2006-01";"VVP2";"2.24431577"
"2006-01";"I3";"74.60248128"
"2006-01";"VVP3";"2.4036244"
"2006-02";"I0";"75.82264574"
"2006-02";"VVP0";"0.1812127"
"2006-02";"I1";"76.90226551"
"2006-02";"VVP1";"0.69537863"
"2006-02";"I2";"67.33935833"
"2006-02";"VVP2";"0.55740168"
"2006-02";"I3";"68.50758581"
"2006-02";"VVP3";"0.75850386"
"2006-03";"I0";"81.24686615"
"2006-03";"VVP0";"-0.48985777"
"2006-03";"I1";"82.75217078"
"2006-03";"VVP1";"-0.11645474"
"2006-03";"I2";"72.29623688"
"2006-03";"VVP2";"0.21318848"
"2006-03";"I3";"73.8935382"
"2006-03";"VVP3";"0.34492123"
"2006-04";"I0";"83.9872913"
"2006-04";"VVP0";"1.44806311"
"2006-04";"I1";"84.68214801"
"2006-04";"VVP1";"1.73095623"
"2006-04";"I2";"73.79850541"
"2006-04";"VVP2";"2.06198431"
"2006-04";"I3";"74.60731476"
"2006-04";"VVP3";"2.06551927"
"2006-05";"I0";"86.42176815"
"2006-05";"VVP0";"2.65805434"
"2006-05";"I1";"87.9066781"
"2006-05";"VVP1";"3.28427686"
"2006-05";"I2";"75.96238174"
"2006-05";"VVP2";"3.2530615"
"2006-05";"I3";"77.42557294"
"2006-05";"VVP3";"3.5844969"
"2006-06";"I0";"81.40282767"
"2006-06";"VVP0";"1.70206848"
"2006-06";"I1";"82.70950161"
"2006-06";"VVP1";"2.0025795"
"2006-06";"I2";"71.51935204"
"2006-06";"VVP2";"2.27348312"
"2006-06";"I3";"72.84164723"
"2006-06";"VVP3";"2.27230514"
"2006-07";"I0";"83.97342706"
"2006-07";"VVP0";"2.63834004"
"2006-07";"I1";"85.36562554"
"2006-07";"VVP1";"3.14691414"
"2006-07";"I2";"75.52701164"
"2006-07";"VVP2";"3.58518329"
"2006-07";"I3";"76.86794432"
"2006-07";"VVP3";"3.81509257"
"2006-08";"I0";"80.94853396"
"2006-08";"VVP0";"4.17241299"
"2006-08";"I1";"83.07193179"
"2006-08";"VVP1";"4.4242542"
"2006-08";"I2";"72.76988334"
"2006-08";"VVP2";"4.92967291"
"2006-08";"I3";"74.73244902"
"2006-08";"VVP3";"4.93109234"
"2006-09";"I0";"80.80276416"
"2006-09";"VVP0";"2.14530633"
"2006-09";"I1";"82.35970544"
"2006-09";"VVP1";"2.02056508"
"2006-09";"I2";"72.55494809"
"2006-09";"VVP2";"2.75924828"
"2006-09";"I3";"74.10411603"
"2006-09";"VVP3";"2.6133447"
"2006-10";"I0";"85.60238042"
"2006-10";"VVP0";"0.63346873"
"2006-10";"I1";"86.97255343"
"2006-10";"VVP1";"0.4407463"
"2006-10";"I2";"76.12290818"
"2006-10";"VVP2";"1.47985791"
"2006-10";"I3";"77.59612531"
"2006-10";"VVP3";"1.47147675"
"2006-11";"I0";"90.34044777"
"2006-11";"VVP0";"2.51110267"
"2006-11";"I1";"91.6048228"
"2006-11";"VVP1";"2.33226451"
"2006-11";"I2";"80.42718536"
"2006-11";"VVP2";"3.40735938"
"2006-11";"I3";"81.83451589"
"2006-11";"VVP3";"3.3008653"
"2006-12";"I0";"106.43095778"
"2006-12";"VVP0";"4.43206124"
"2006-12";"I1";"106.13857591"
"2006-12";"VVP1";"4.23570837"
"2006-12";"I2";"94.70052001"
"2006-12";"VVP2";"5.39888538"
"2006-12";"I3";"94.77998129"
"2006-12";"VVP3";"5.22067848"
"2007-01";"I0";"84.89493086"
"2007-01";"VVP0";"3.3238363"
"2007-01";"I1";"86.26409462"
"2007-01";"VVP1";"3.20726757"
"2007-01";"I2";"76.70469583"
"2007-01";"VVP2";"4.93530914"
"2007-01";"I3";"78.19622828"
"2007-01";"VVP3";"4.817195"
"2007-02";"I0";"77.9761897"
"2007-02";"VVP0";"2.84023847"
"2007-02";"I1";"78.90845434"
"2007-02";"VVP1";"2.60875127"
"2007-02";"I2";"70.48481996"
"2007-02";"VVP2";"4.67105971"
"2007-02";"I3";"71.58986337"
"2007-02";"VVP3";"4.49917702"
"2007-03";"I0";"85.37705156"
"2007-03";"VVP0";"5.0835012"
"2007-03";"I1";"86.92053276"
"2007-03";"VVP1";"5.03716331"
"2007-03";"I2";"77.38268021"
"2007-03";"VVP2";"7.03555752"
"2007-03";"I3";"79.00543516"
"2007-03";"VVP3";"6.91792149"
"2007-04";"I0";"87.15334216"
"2007-04";"VVP0";"3.7696785"
"2007-04";"I1";"87.8390248"
"2007-04";"VVP1";"3.72791298"
"2007-04";"I2";"77.50037414"
"2007-04";"VVP2";"5.01618388"
"2007-04";"I3";"78.2896945"
"2007-04";"VVP3";"4.93568191"
"2007-05";"I0";"88.86317327"
"2007-05";"VVP0";"2.82498863"
"2007-05";"I1";"90.24316887"
"2007-05";"VVP1";"2.65792181"
"2007-05";"I2";"79.13005168"
"2007-05";"VVP2";"4.17005084"
"2007-05";"I3";"80.47811031"
"2007-05";"VVP3";"3.94254412"
"2007-06";"I0";"83.47504344"
"2007-06";"VVP0";"2.54563119"
"2007-06";"I1";"84.93029509"
"2007-06";"VVP1";"2.68505243"
"2007-06";"I2";"74.2993759"
"2007-06";"VVP2";"3.88709319"
"2007-06";"I3";"75.67560733"
"2007-06";"VVP3";"3.89057663"
"2007-07";"I0";"87.00815399"
"2007-07";"VVP0";"3.6139134"
"2007-07";"I1";"88.46155149"
"2007-07";"VVP1";"3.62666581"
"2007-07";"I2";"78.57994985"
"2007-07";"VVP2";"4.0421806"
"2007-07";"I3";"79.94487708"
"2007-07";"VVP3";"4.00288155"
"2007-08";"I0";"83.81801548"
"2007-08";"VVP0";"3.5448221"
"2007-08";"I1";"85.87299065"
"2007-08";"VVP1";"3.37184751"
"2007-08";"I2";"75.6268939"
"2007-08";"VVP2";"3.92608924"
"2007-08";"I3";"77.59990048"
"2007-08";"VVP3";"3.83695637"
"2007-09";"I0";"84.69253763"
"2007-09";"VVP0";"4.81391139"
"2007-09";"I1";"86.12368709"
"2007-09";"VVP1";"4.57017377"
"2007-09";"I2";"76.44006555"
"2007-09";"VVP2";"5.35472433"
"2007-09";"I3";"77.85047732"
"2007-09";"VVP3";"5.05553739"
"2007-10";"I0";"89.53455182"
"2007-10";"VVP0";"4.59353043"
"2007-10";"I1";"91.30676631"
"2007-10";"VVP1";"4.98342605"
"2007-10";"I2";"79.47537033"
"2007-10";"VVP2";"4.40401218"
"2007-10";"I3";"81.1885382"
"2007-10";"VVP3";"4.62962922"
"2007-11";"I0";"93.53727276"
"2007-11";"VVP0";"3.53864196"
"2007-11";"I1";"95.13101951"
"2007-11";"VVP1";"3.84935706"
"2007-11";"I2";"82.98856043"
"2007-11";"VVP2";"3.18471305"
"2007-11";"I3";"84.48366105"
"2007-11";"VVP3";"3.23719781"
"2007-12";"I0";"110.39074337"
"2007-12";"VVP0";"3.72052048"
"2007-12";"I1";"110.38137229"
"2007-12";"VVP1";"3.9974122"
"2007-12";"I2";"97.62100428"
"2007-12";"VVP2";"3.08391577"
"2007-12";"I3";"97.67210345"
"2007-12";"VVP3";"3.05140613"
"2008-01";"I0";"87.14400247"
"2008-01";"VVP0";"2.64924134"
"2008-01";"I1";"89.14312292"
"2008-01";"VVP1";"3.33745843"
"2008-01";"I2";"77.98616815"
"2008-01";"VVP2";"1.67065693"
"2008-01";"I3";"79.81657272"
"2008-01";"VVP3";"2.07215166"
"2008-02";"I0";"81.79250036"
"2008-02";"VVP0";"4.89419998"
"2008-02";"I1";"83.18985273"
"2008-02";"VVP1";"5.42577907"
"2008-02";"I2";"73.11346215"
"2008-02";"VVP2";"3.72937349"
"2008-02";"I3";"74.44739909"
"2008-02";"VVP3";"3.99153678"
"2008-03";"I0";"88.26047557"
"2008-03";"VVP0";"3.37728225"
"2008-03";"I1";"90.09821267"
"2008-03";"VVP1";"3.65584496"
"2008-03";"I2";"78.79106034"
"2008-03";"VVP2";"1.82001983"
"2008-03";"I3";"80.45616021"
"2008-03";"VVP3";"1.83623449"
"2008-04";"I0";"87.77369451"
"2008-04";"VVP0";"0.7117941"
"2008-04";"I1";"88.88189004"
"2008-04";"VVP1";"1.18724591"
"2008-04";"I2";"77.27603039"
"2008-04";"VVP2";"-0.2894744"
"2008-04";"I3";"78.3231695"
"2008-04";"VVP3";"0.04275787"
"2008-05";"I0";"95.9740325"
"2008-05";"VVP0";"8.00203163"
"2008-05";"I1";"97.62370343"
"2008-05";"VVP1";"8.17849667"
"2008-05";"I2";"84.26477278"
"2008-05";"VVP2";"6.48896468"
"2008-05";"I3";"85.72034913"
"2008-05";"VVP3";"6.51386917"
"2008-06";"I0";"88.05481194"
"2008-06";"VVP0";"5.48639247"
"2008-06";"I1";"89.80114822"
"2008-06";"VVP1";"5.73511858"
"2008-06";"I2";"77.75677596"
"2008-06";"VVP2";"4.65333661"
"2008-06";"I3";"79.20822993"
"2008-06";"VVP3";"4.66811265"
"2008-07";"I0";"91.49680659"
"2008-07";"VVP0";"5.15888729"
"2008-07";"I1";"93.49048444"
"2008-07";"VVP1";"5.6848799"
"2008-07";"I2";"82.00376769"
"2008-07";"VVP2";"4.3571138"
"2008-07";"I3";"83.64797959"
"2008-07";"VVP3";"4.6320698"
"2008-08";"I0";"86.61961346"
"2008-08";"VVP0";"3.34247711"
"2008-08";"I1";"88.9293124"
"2008-08";"VVP1";"3.5591188"
"2008-08";"I2";"77.66278242"
"2008-08";"VVP2";"2.69201657"
"2008-08";"I3";"79.64516651"
"2008-08";"VVP3";"2.63565549"
"2008-09";"I0";"91.0234929"
"2008-09";"VVP0";"7.47522208"
"2008-09";"I1";"93.00020295"
"2008-09";"VVP1";"7.98446523"
"2008-09";"I2";"81.32117537"
"2008-09";"VVP2";"6.3855385"
"2008-09";"I3";"83.03727863"
"2008-09";"VVP3";"6.66251703"
"2008-10";"I0";"92.388017"
"2008-10";"VVP0";"3.1869989"
"2008-10";"I1";"94.32222425"
"2008-10";"VVP1";"3.30255693"
"2008-10";"I2";"81.29532291"
"2008-10";"VVP2";"2.28995798"
"2008-10";"I3";"83.03960254"
"2008-10";"VVP3";"2.27995771"
"2008-11";"I0";"94.81303021"
"2008-11";"VVP0";"1.36390277"
"2008-11";"I1";"95.88683534"
"2008-11";"VVP1";"0.79449987"
"2008-11";"I2";"83.71257273"
"2008-11";"VVP2";"0.87242422"
"2008-11";"I3";"84.90722525"
"2008-11";"VVP3";"0.50135635"
"2008-12";"I0";"114.04798031"
"2008-12";"VVP0";"3.3129924"
"2008-12";"I1";"113.51724766"
"2008-12";"VVP1";"2.84094617"
"2008-12";"I2";"100.41829483"
"2008-12";"VVP2";"2.86545971"
"2008-12";"I3";"100.37149654"
"2008-12";"VVP3";"2.76372987"
"2009-01";"I0";"88.53538769"
"2009-01";"VVP0";"1.59665058"
"2009-01";"I1";"89.61450339"
"2009-01";"VVP1";"0.52879062"
"2009-01";"I2";"78.98707966"
"2009-01";"VVP2";"1.28344748"
"2009-01";"I3";"80.37990167"
"2009-01";"VVP3";"0.70577943"
"2009-02";"I0";"82.65716939"
"2009-02";"VVP0";"1.05714953"
"2009-02";"I1";"83.24315725"
"2009-02";"VVP1";"0.06407574"
"2009-02";"I2";"73.70921726"
"2009-02";"VVP2";"0.81483641"
"2009-02";"I3";"74.595338"
"2009-02";"VVP3";"0.19871602"
"2009-03";"I0";"89.49569567"
"2009-03";"VVP0";"1.39951671"
"2009-03";"I1";"90.56502954"
"2009-03";"VVP1";"0.51812002"
"2009-03";"I2";"79.97458303"
"2009-03";"VVP2";"1.50210276"
"2009-03";"I3";"81.34546682"
"2009-03";"VVP3";"1.10533067"
"2009-04";"I0";"89.13909111"
"2009-04";"VVP0";"1.55558748"
"2009-04";"I1";"89.50683565"
"2009-04";"VVP1";"0.70311918"
"2009-04";"I2";"78.42470492"
"2009-04";"VVP2";"1.48645643"
"2009-04";"I3";"79.11973447"
"2009-04";"VVP3";"1.01702341"
"2009-05";"I0";"96.01190159"
"2009-05";"VVP0";"0.03945764"
"2009-05";"I1";"96.65673341"
"2009-05";"VVP1";"-0.99050741"
"2009-05";"I2";"84.64482673"
"2009-05";"VVP2";"0.45102353"
"2009-05";"I3";"85.56344468"
"2009-05";"VVP3";"-0.18304224"
"2009-06";"I0";"88.28490484"
"2009-06";"VVP0";"0.26130645"
"2009-06";"I1";"89.31778203"
"2009-06";"VVP1";"-0.53826282"
"2009-06";"I2";"78.07126798"
"2009-06";"VVP2";"0.40445609"
"2009-06";"I3";"79.19784497"
"2009-06";"VVP3";"-0.01311097"
"2009-07";"I0";"92.03225175"
"2009-07";"VVP0";"0.58520639"
"2009-07";"I1";"92.99506473"
"2009-07";"VVP1";"-0.52991458"
"2009-07";"I2";"82.51740724"
"2009-07";"VVP2";"0.62636091"
"2009-07";"I3";"83.59596587"
"2009-07";"VVP3";"-0.06218168"
"2009-08";"I0";"86.26693468"
"2009-08";"VVP0";"-0.40715811"
"2009-08";"I1";"87.99196437"
"2009-08";"VVP1";"-1.0540372"
"2009-08";"I2";"77.63392811"
"2009-08";"VVP2";"-0.03715333"
"2009-08";"I3";"79.34191904"
"2009-08";"VVP3";"-0.38074812"
"2009-09";"I0";"88.51201768"
"2009-09";"VVP0";"-2.75915057"
"2009-09";"I1";"89.88480591"
"2009-09";"VVP1";"-3.34988198"
"2009-09";"I2";"79.40598743"
"2009-09";"VVP2";"-2.35509132"
"2009-09";"I3";"80.81578311"
"2009-09";"VVP3";"-2.67529905"
"2009-10";"I0";"95.49545498"
"2009-10";"VVP0";"3.36346431"
"2009-10";"I1";"96.42934127"
"2009-10";"VVP1";"2.23395604"
"2009-10";"I2";"84.65064424"
"2009-10";"VVP2";"4.12732394"
"2009-10";"I3";"85.73906041"
"2009-10";"VVP3";"3.2508078"
"2009-11";"I0";"95.53152573"
"2009-11";"VVP0";"0.75780251"
"2009-11";"I1";"96.20894728"
"2009-11";"VVP1";"0.33592927"
"2009-11";"I2";"84.76601421"
"2009-11";"VVP2";"1.25840294"
"2009-11";"I3";"85.53562346"
"2009-11";"VVP3";"0.74009981"
"2009-12";"I0";"116.9855164"
"2009-12";"VVP0";"2.57570198"
"2009-12";"I1";"116.67971038"
"2009-12";"VVP1";"2.78588742"
"2009-12";"I2";"104.01476365"
"2009-12";"VVP2";"3.58148764"
"2009-12";"I3";"103.99728629"
"2009-12";"VVP3";"3.61236992"
"2010-01";"I0";"89.79135281"
"2010-01";"VVP0";"1.41860239"
"2010-01";"I1";"90.67695078"
"2010-01";"VVP1";"1.18557527"
"2010-01";"I2";"80.74430495"
"2010-01";"VVP2";"2.22469966"
"2010-01";"I3";"81.7082895"
"2010-01";"VVP3";"1.65263679"
"2010-02";"I0";"84.34610561"
"2010-02";"VVP0";"2.04330275"
"2010-02";"I1";"85.04278048"
"2010-02";"VVP1";"2.16188729"
"2010-02";"I2";"75.83507946"
"2010-02";"VVP2";"2.8841199"
"2010-02";"I3";"76.62395535"
"2010-02";"VVP3";"2.71949615"
"2010-03";"I0";"92.89978859"
"2010-03";"VVP0";"3.8036387"
"2010-03";"I1";"94.01857699"
"2010-03";"VVP1";"3.81333442"
"2010-03";"I2";"83.48458339"
"2010-03";"VVP2";"4.38889486"
"2010-03";"I3";"84.61663978"
"2010-03";"VVP3";"4.02133406"
"2010-04";"I0";"91.2636663"
"2010-04";"VVP0";"2.38343825"
"2010-04";"I1";"91.95962027"
"2010-04";"VVP1";"2.74033218"
"2010-04";"I2";"80.7525577"
"2010-04";"VVP2";"2.96826464"
"2010-04";"I3";"81.49296147"
"2010-04";"VVP3";"2.99953863"
"2010-05";"I0";"96.45234568"
"2010-05";"VVP0";"0.45873906"
"2010-05";"I1";"97.51629967"
"2010-05";"VVP1";"0.88929787"
"2010-05";"I2";"86.14933277"
"2010-05";"VVP2";"1.77743413"
"2010-05";"I3";"87.18849873"
"2010-05";"VVP3";"1.8992387"
"2010-06";"I0";"89.62779868"
"2010-06";"VVP0";"1.52109111"
"2010-06";"I1";"90.67367206"
"2010-06";"VVP1";"1.51805161"
"2010-06";"I2";"80.61128398"
"2010-06";"VVP2";"3.25345811"
"2010-06";"I3";"81.6777464"
"2010-06";"VVP3";"3.13127388"
"2010-07";"I0";"94.25847534"
"2010-07";"VVP0";"2.41896026"
"2010-07";"I1";"95.48632092"
"2010-07";"VVP1";"2.67891226"
"2010-07";"I2";"85.97833636"
"2010-07";"VVP2";"4.19418064"
"2010-07";"I3";"87.23551388"
"2010-07";"VVP3";"4.35373643"
"2010-08";"I0";"87.44658415"
"2010-08";"VVP0";"1.36744104"
"2010-08";"I1";"88.88521036"
"2010-08";"VVP1";"1.01514497"
"2010-08";"I2";"79.71398376"
"2010-08";"VVP2";"2.67931265"
"2010-08";"I3";"81.155583"
"2010-08";"VVP3";"2.28588366"
"2010-09";"I0";"90.41955901"
"2010-09";"VVP0";"2.15512128"
"2010-09";"I1";"91.82568785"
"2010-09";"VVP1";"2.15929925"
"2010-09";"I2";"82.4604316"
"2010-09";"VVP2";"3.84661696"
"2010-09";"I3";"83.87591114"
"2010-09";"VVP3";"3.78654752"
"2010-10";"I0";"95.59167763"
"2010-10";"VVP0";"0.1007615"
"2010-10";"I1";"96.53758638"
"2010-10";"VVP1";"0.11225329"
"2010-10";"I2";"86.22218568"
"2010-10";"VVP2";"1.85650263"
"2010-10";"I3";"87.25348191"
"2010-10";"VVP3";"1.76631455"
"2010-11";"I0";"97.98470503"
"2010-11";"VVP0";"2.56792643"
"2010-11";"I1";"98.38302862"
"2010-11";"VVP1";"2.25974964"
"2010-11";"I2";"88.48488975"
"2010-11";"VVP2";"4.38722473"
"2010-11";"I3";"88.99984241"
"2010-11";"VVP3";"4.05003063"
"2010-12";"I0";"115.75979955"
"2010-12";"VVP0";"-1.04775094"
"2010-12";"I1";"115.49144671"
"2010-12";"VVP1";"-1.01839785"
"2010-12";"I2";"104.86459948"
"2010-12";"VVP2";"0.81703386"
"2010-12";"I3";"104.7642745"
"2010-12";"VVP3";"0.73750791"
"2011-01";"I0";"88.28746194"
"2011-01";"VVP0";"-1.67487272"
"2011-01";"I1";"89.71332081"
"2011-01";"VVP1";"-1.06270663"
"2011-01";"I2";"81.3224348"
"2011-01";"VVP2";"0.71600077"
"2011-01";"I3";"82.69515984"
"2011-01";"VVP3";"1.20779709"
"2011-02";"I0";"83.41895233"
"2011-02";"VVP0";"-1.09922476"
"2011-02";"I1";"84.68596117"
"2011-02";"VVP1";"-0.41957625"
"2011-02";"I2";"76.79170786"
"2011-02";"VVP2";"1.26145896"
"2011-02";"I3";"77.99916782"
"2011-02";"VVP3";"1.79475526"
"2011-03";"I0";"92.10726354"
"2011-03";"VVP0";"-0.85309672"
"2011-03";"I1";"93.49440202"
"2011-03";"VVP1";"-0.55752276"
"2011-03";"I2";"84.10294379"
"2011-03";"VVP2";"0.74068813"
"2011-03";"I3";"85.37546959"
"2011-03";"VVP3";"0.89678555"
"2011-04";"I0";"93.12940237"
"2011-04";"VVP0";"2.0443361"
"2011-04";"I1";"94.38591051"
"2011-04";"VVP1";"2.63843004"
"2011-04";"I2";"85.02369087"
"2011-04";"VVP2";"5.28916147"
"2011-04";"I3";"86.14268128"
"2011-04";"VVP3";"5.70567043"
"2011-05";"I0";"94.3512128"
"2011-05";"VVP0";"-2.17841554"
"2011-05";"I1";"95.8960304"
"2011-05";"VVP1";"-1.66153687"
"2011-05";"I2";"86.01628611"
"2011-05";"VVP2";"-0.15443724"
"2011-05";"I3";"87.38304903"
"2011-05";"VVP3";"0.22313758"
"2011-06";"I0";"90.29913779"
"2011-06";"VVP0";"0.74903001"
"2011-06";"I1";"91.5936406"
"2011-06";"VVP1";"1.01459279"
"2011-06";"I2";"82.67086602"
"2011-06";"VVP2";"2.55495502"
"2011-06";"I3";"83.84441346"
"2011-06";"VVP3";"2.65270181"
"2011-07";"I0";"93.57908903"
"2011-07";"VVP0";"-0.72076946"
"2011-07";"I1";"94.81938337"
"2011-07";"VVP1";"-0.69846398"
"2011-07";"I2";"87.06483818"
"2011-07";"VVP2";"1.26369255"
"2011-07";"I3";"88.23797358"
"2011-07";"VVP3";"1.14914174"
"2011-08";"I0";"83.92039127"
"2011-08";"VVP0";"-4.03239636"
"2011-08";"I1";"85.52876807"
"2011-08";"VVP1";"-3.77615385"
"2011-08";"I2";"78.47939552"
"2011-08";"VVP2";"-1.54877248"
"2011-08";"I3";"80.02129646"
"2011-08";"VVP3";"-1.39766914"
"2011-09";"I0";"86.67449998"
"2011-09";"VVP0";"-4.14186827"
"2011-09";"I1";"88.47191806"
"2011-09";"VVP1";"-3.65232199"
"2011-09";"I2";"80.83519518"
"2011-09";"VVP2";"-1.97092883"
"2011-09";"I3";"82.53785861"
"2011-09";"VVP3";"-1.5952763"
"2011-10";"I0";"93.19421933"
"2011-10";"VVP0";"-2.50801991"
"2011-10";"I1";"94.3400037"
"2011-10";"VVP1";"-2.2764011"
"2011-10";"I2";"87.00233234"
"2011-10";"VVP2";"0.90480965"
"2011-10";"I3";"88.05846698"
"2011-10";"VVP3";"0.92258217"
"2011-11";"I0";"95.33703918"
"2011-11";"VVP0";"-2.70212157"
"2011-11";"I1";"96.0542692"
"2011-11";"VVP1";"-2.36703367"
"2011-11";"I2";"89.41272274"
"2011-11";"VVP2";"1.04857789"
"2011-11";"I3";"90.07072879"
"2011-11";"VVP3";"1.20324525"
"2011-12";"I0";"111.97333963"
"2011-12";"VVP0";"-3.27096275"
"2011-12";"I1";"112.10756864"
"2011-12";"VVP1";"-2.92998154"
"2011-12";"I2";"105.22917052"
"2011-12";"VVP2";"0.34765883"
"2011-12";"I3";"105.34232975"
"2011-12";"VVP3";"0.55176753"
"2012-01";"I0";"88.51656755"
"2012-01";"VVP0";"0.2594996"
"2012-01";"I1";"90.13377244"
"2012-01";"VVP1";"0.46866131"
"2012-01";"I2";"84.21181475"
"2012-01";"VVP2";"3.55299242"
"2012-01";"I3";"85.70664226"
"2012-01";"VVP3";"3.64166708"
"2012-02";"I0";"81.16403284"
"2012-02";"VVP0";"-2.70312612"
"2012-02";"I1";"82.91080208"
"2012-02";"VVP1";"-2.0961669"
"2012-02";"I2";"77.12133242"
"2012-02";"VVP2";"0.429245"
"2012-02";"I3";"78.70903122"
"2012-02";"VVP3";"0.91009099"
"2012-03";"I0";"93.78750776"
"2012-03";"VVP0";"1.82422553"
"2012-03";"I1";"95.45042921"
"2012-03";"VVP1";"2.09213295"
"2012-03";"I2";"88.36269745"
"2012-03";"VVP2";"5.06492813"
"2012-03";"I3";"89.81794966"
"2012-03";"VVP3";"5.20346195"
"2012-04";"I0";"89.58861758"
"2012-04";"VVP0";"-3.80200527"
"2012-04";"I1";"91.26566636"
"2012-04";"VVP1";"-3.30583679"
"2012-04";"I2";"84.35800499"
"2012-04";"VVP2";"-0.78294164"
"2012-04";"I3";"85.78349619"
"2012-04";"VVP3";"-0.41696529"
"2012-05";"I0";"96.73629064"
"2012-05";"VVP0";"2.52787195"
"2012-05";"I1";"98.46392368"
"2012-05";"VVP1";"2.67778892"
"2012-05";"I2";"90.87071263"
"2012-05";"VVP2";"5.64361324"
"2012-05";"I3";"92.36008344"
"2012-05";"VVP3";"5.69565203"
"2012-06";"I0";"91.38075911"
"2012-06";"VVP0";"1.19782021"
"2012-06";"I1";"93.05594342"
"2012-06";"VVP1";"1.5965113"
"2012-06";"I2";"85.91001967"
"2012-06";"VVP2";"3.91813199"
"2012-06";"I3";"87.41523214"
"2012-06";"VVP3";"4.25886298"
"2012-07";"I0";"93.70358019"
"2012-07";"VVP0";"0.1330331"
"2012-07";"I1";"95.33560938"
"2012-07";"VVP1";"0.54443089"
"2012-07";"I2";"89.20146303"
"2012-07";"VVP2";"2.4540617"
"2012-07";"I3";"90.69045606"
"2012-07";"VVP3";"2.77939573"
"2012-08";"I0";"86.72145731"
"2012-08";"VVP0";"3.3377657"
"2012-08";"I1";"88.71483443"
"2012-08";"VVP1";"3.72514"
"2012-08";"I2";"82.99921343"
"2012-08";"VVP2";"5.7592415"
"2012-08";"I3";"84.78464918"
"2012-08";"VVP3";"5.95260628"
"2012-09";"I0";"89.05596373"
"2012-09";"VVP0";"2.74759445"
"2012-09";"I1";"91.18070395"
"2012-09";"VVP1";"3.06174655"
"2012-09";"I2";"84.80320395"
"2012-09";"VVP2";"4.90876376"
"2012-09";"I3";"86.66283806"
"2012-09";"VVP3";"4.9976817"
"2012-10";"I0";"94.34439807"
"2012-10";"VVP0";"1.23417392"
"2012-10";"I1";"95.63711626"
"2012-10";"VVP1";"1.37493376"
"2012-10";"I2";"89.42981766"
"2012-10";"VVP2";"2.79013822"
"2012-10";"I3";"90.49789352"
"2012-10";"VVP3";"2.77023508"
"2012-11";"I0";"96.72726136"
"2012-11";"VVP0";"1.45821833"
"2012-11";"I1";"97.65242493"
"2012-11";"VVP1";"1.66380499"
"2012-11";"I2";"91.93178248"
"2012-11";"VVP2";"2.81733926"
"2012-11";"I3";"92.73927425"
"2012-11";"VVP3";"2.96272219"
"2012-12";"I0";"114.79590946"
"2012-12";"VVP0";"2.52075167"
"2012-12";"I1";"115.13767702"
"2012-12";"VVP1";"2.702858"
"2012-12";"I2";"109.83789044"
"2012-12";"VVP2";"4.37969804"
"2012-12";"I3";"110.07296643"
"2012-12";"VVP3";"4.49072722"
"2013-01";"I0";"88.87133684"
"2013-01";"VVP0";"0.40079422"
"2013-01";"I1";"90.39912171"
"2013-01";"VVP1";"0.29439495"
"2013-01";"I2";"85.84257064"
"2013-01";"VVP2";"1.936493"
"2013-01";"I3";"87.24471702"
"2013-01";"VVP3";"1.79458059"
"2013-02";"I0";"82.2047314"
"2013-02";"VVP0";"1.28221642"
"2013-02";"I1";"83.63204441"
"2013-02";"VVP1";"0.86990152"
"2013-02";"I2";"79.29497867"
"2013-02";"VVP2";"2.818476"
"2013-02";"I3";"80.54645945"
"2013-02";"VVP3";"2.33445667"
"2013-03";"I0";"91.98945947"
"2013-03";"VVP0";"-1.91715115"
"2013-03";"I1";"93.73041142"
"2013-03";"VVP1";"-1.80200111"
"2013-03";"I2";"87.9885152"
"2013-03";"VVP2";"-0.42346178"
"2013-03";"I3";"89.5198699"
"2013-03";"VVP3";"-0.33187104"
"2013-04";"I0";"90.6092749"
"2013-04";"VVP0";"1.1392712"
"2013-04";"I1";"92.13476774"
"2013-04";"VVP1";"0.95227638"
"2013-04";"I2";"86.63626603"
"2013-04";"VVP2";"2.70070522"
"2013-04";"I3";"88.01623596"
"2013-04";"VVP3";"2.60276144"
"2013-05";"I0";"96.78565068"
"2013-05";"VVP0";"0.05102536"
"2013-05";"I1";"98.30572123"
"2013-05";"VVP1";"-0.16067048"
"2013-05";"I2";"92.34310054"
"2013-05";"VVP2";"1.62031073"
"2013-05";"I3";"93.74185988"
"2013-05";"VVP3";"1.49607535"
"2013-06";"I0";"92.00182197"
"2013-06";"VVP0";"0.67964292"
"2013-06";"I1";"93.76015054"
"2013-06";"VVP1";"0.75675673"
"2013-06";"I2";"87.63929965"
"2013-06";"VVP2";"2.01289674"
"2013-06";"I3";"89.23019863"
"2013-06";"VVP3";"2.07625885"
"2013-07";"I0";"93.41846464"
"2013-07";"VVP0";"-0.30427392"
"2013-07";"I1";"95.34498008"
"2013-07";"VVP1";"0.00982917"
"2013-07";"I2";"89.59596538"
"2013-07";"VVP2";"0.44225996"
"2013-07";"I3";"91.33642538"
"2013-07";"VVP3";"0.71227928"
"2013-08";"I0";"88.2931304"
"2013-08";"VVP0";"1.8123232"
"2013-08";"I1";"90.42232044"
"2013-08";"VVP1";"1.92469052"
"2013-08";"I2";"85.17114309"
"2013-08";"VVP2";"2.61680752"
"2013-08";"I3";"87.11036077"
"2013-08";"VVP3";"2.74308098"
"2013-09";"I0";"89.08806454"
"2013-09";"VVP0";"0.03604565"
"2013-09";"I1";"91.15555674"
"2013-09";"VVP1";"-0.02757954"
"2013-09";"I2";"85.53271613"
"2013-09";"VVP2";"0.8602413"
"2013-09";"I3";"87.38895482"
"2013-09";"VVP3";"0.83786404"
"2013-10";"I0";"93.96374398"
"2013-10";"VVP0";"-0.40347291"
"2013-10";"I1";"95.69463729"
"2013-10";"VVP1";"0.0601451"
"2013-10";"I2";"90.22475646"
"2013-10";"VVP2";"0.88889682"
"2013-10";"I3";"91.80255949"
"2013-10";"VVP3";"1.4416534"
"2013-11";"I0";"99.92069479"
"2013-11";"VVP0";"3.30148231"
"2013-11";"I1";"101.16486691"
"2013-11";"VVP1";"3.59688148"
"2013-11";"I2";"95.82845844"
"2013-11";"VVP2";"4.23866029"
"2013-11";"I3";"96.97635665"
"2013-11";"VVP3";"4.56881126"
"2013-12";"I0";"116.3399073"
"2013-12";"VVP0";"1.34499378"
"2013-12";"I1";"116.76979747"
"2013-12";"VVP1";"1.41753811"
"2013-12";"I2";"112.39340885"
"2013-12";"VVP2";"2.32662736"
"2013-12";"I3";"112.74229339"
"2013-12";"VVP3";"2.42505227"
"2014-01";"I0";"88.22458733"
"2014-01";"VVP0";"-0.72773689"
"2014-01";"I1";"89.58796737"
"2014-01";"VVP1";"-0.89730334"
"2014-01";"I2";"85.91366025"
"2014-01";"VVP2";"0.08281393"
"2014-01";"I3";"87.18717924"
"2014-01";"VVP3";"-0.06594987"
"2014-02";"I0";"82.4261714"
"2014-02";"VVP0";"0.26937622"
"2014-02";"I1";"83.72334301"
"2014-02";"VVP1";"0.109167"
"2014-02";"I2";"80.29174893"
"2014-02";"VVP2";"1.25704084"
"2014-02";"I3";"81.49399234"
"2014-02";"VVP3";"1.17638057"
"2014-03";"I0";"93.91759072"
"2014-03";"VVP0";"2.09603498"
"2014-03";"I1";"95.47734604"
"2014-03";"VVP1";"1.86378636"
"2014-03";"I2";"90.58972269"
"2014-03";"VVP2";"2.95630343"
"2014-03";"I3";"92.03461887"
"2014-03";"VVP3";"2.80915173"
"2014-04";"I0";"91.22394608"
"2014-04";"VVP0";"0.67837556"
"2014-04";"I1";"92.58413036"
"2014-04";"VVP1";"0.48772318"
"2014-04";"I2";"87.98606464"
"2014-04";"VVP2";"1.55800644"
"2014-04";"I3";"89.2335469"
"2014-04";"VVP3";"1.38305272"
"2014-05";"I0";"96.43803824"
"2014-05";"VVP0";"-0.359157"
"2014-05";"I1";"97.75491433"
"2014-05";"VVP1";"-0.56029994"
"2014-05";"I2";"92.50881333"
"2014-05";"VVP2";"0.17945335"
"2014-05";"I3";"93.70190119"
"2014-05";"VVP3";"-0.0426263"
"2014-06";"I0";"93.87548836"
"2014-06";"VVP0";"2.03655357"
"2014-06";"I1";"95.60806259"
"2014-06";"VVP1";"1.97089279"
"2014-06";"I2";"90.27660928"
"2014-06";"VVP2";"3.00927739"
"2014-06";"I3";"91.86156269"
"2014-06";"VVP3";"2.94896133"
"2014-07";"I0";"92.245426"
"2014-07";"VVP0";"-1.25568178"
"2014-07";"I1";"93.9050217"
"2014-07";"VVP1";"-1.51026135"
"2014-07";"I2";"89.42185169"
"2014-07";"VVP2";"-0.19433206"
"2014-07";"I3";"90.926509"
"2014-07";"VVP3";"-0.44879836"
"2014-08";"I0";"89.29098122"
"2014-08";"VVP0";"1.1301568"
"2014-08";"I1";"90.98091799"
"2014-08";"VVP1";"0.61776511"
"2014-08";"I2";"86.72826709"
"2014-08";"VVP2";"1.82822954"
"2014-08";"I3";"88.2788907"
"2014-08";"VVP3";"1.34143623"
"2014-09";"I0";"89.30200502"
"2014-09";"VVP0";"0.24014494"
"2014-09";"I1";"91.08292973"
"2014-09";"VVP1";"-0.0796737"
"2014-09";"I2";"86.30456114"
"2014-09";"VVP2";"0.9023974"
"2014-09";"I3";"87.96447874"
"2014-09";"VVP3";"0.65857742"
"2014-10";"I0";"93.89714649"
"2014-10";"VVP0";"-0.07087574"
"2014-10";"I1";"95.51198332"
"2014-10";"VVP1";"-0.19087169"
"2014-10";"I2";"90.81524551"
"2014-10";"VVP2";"0.65446455"
"2014-10";"I3";"92.32639369"
"2014-10";"VVP3";"0.57060958"
"2014-11";"I0";"98.5702053"
"2014-11";"VVP0";"-1.35156135"
"2014-11";"I1";"99.64363686"
"2014-11";"VVP1";"-1.50371379"
"2014-11";"I2";"95.21121346"
"2014-11";"VVP2";"-0.64411448"
"2014-11";"I3";"96.24783569"
"2014-11";"VVP3";"-0.75123566"
"2014-12";"I0";"118.15718804"
"2014-12";"VVP0";"1.56204417"
"2014-12";"I1";"118.08201741"
"2014-12";"VVP1";"1.12376656"
"2014-12";"I2";"114.96072461"
"2014-12";"VVP2";"2.2842227"
"2014-12";"I3";"114.96627785"
"2014-12";"VVP3";"1.97262659"
"2015-01";"I0";"88.74933627"
"2015-01";"VVP0";"0.59478763"
"2015-01";"I1";"89.5447724"
"2015-01";"VVP1";"-0.04821514"
"2015-01";"I2";"86.96544527"
"2015-01";"VVP2";"1.2242349"
"2015-01";"I3";"87.90317845"
"2015-01";"VVP3";"0.82122075"
"2015-02";"I0";"81.01009745"
"2015-02";"VVP0";"-1.71799069"
"2015-02";"I1";"81.62619679"
"2015-02";"VVP1";"-2.50485246"
"2015-02";"I2";"79.83141028"
"2015-02";"VVP2";"-0.57333246"
"2015-02";"I3";"80.64625398"
"2015-02";"VVP3";"-1.04024645"
"2015-03";"I0";"92.21185984"
"2015-03";"VVP0";"-1.81619957"
"2015-03";"I1";"92.8617176"
"2015-03";"VVP1";"-2.73952781"
"2015-03";"I2";"90.37262607"
"2015-03";"VVP2";"-0.23964818"
"2015-03";"I3";"91.17767157"
"2015-03";"VVP3";"-0.93111409"
"2015-04";"I0";"90.64987857"
"2015-04";"VVP0";"-0.62929476"
"2015-04";"I1";"91.20323127"
"2015-04";"VVP1";"-1.49150733"
"2015-04";"I2";"88.8646689"
"2015-04";"VVP2";"0.99857206"
"2015-04";"I3";"89.56105656"
"2015-04";"VVP3";"0.36702526"
"2015-05";"I0";"95.4955356"
"2015-05";"VVP0";"-0.97731419"
"2015-05";"I1";"96.14739306"
"2015-05";"VVP1";"-1.64444037"
"2015-05";"I2";"93.53769969"
"2015-05";"VVP2";"1.1122036"
"2015-05";"I3";"94.30198671"
"2015-05";"VVP3";"0.64041979"
"2015-06";"I0";"93.31897959"
"2015-06";"VVP0";"-0.59281584"
"2015-06";"I1";"94.14661284"
"2015-06";"VVP1";"-1.52858422"
"2015-06";"I2";"91.27245236"
"2015-06";"VVP2";"1.10310199"
"2015-06";"I3";"92.19654094"
"2015-06";"VVP3";"0.36465552"
"2015-07";"I0";"92.76422681"
"2015-07";"VVP0";"0.56241359"
"2015-07";"I1";"93.63536302"
"2015-07";"VVP1";"-0.28716109"
"2015-07";"I2";"91.79460941"
"2015-07";"VVP2";"2.65344283"
"2015-07";"I3";"92.7454034"
"2015-07";"VVP3";"2.00040057"
"2015-08";"I0";"87.26121728"
"2015-08";"VVP0";"-2.27320151"
"2015-08";"I1";"88.0958236"
"2015-08";"VVP1";"-3.17109834"
"2015-08";"I2";"86.49777954"
"2015-08";"VVP2";"-0.26575828"
"2015-08";"I3";"87.43344412"
"2015-08";"VVP3";"-0.9576996"
"2015-09";"I0";"88.65808219"
"2015-09";"VVP0";"-0.72106201"
"2015-09";"I1";"89.27649198"
"2015-09";"VVP1";"-1.98328903"
"2015-09";"I2";"87.36491666"
"2015-09";"VVP2";"1.22862049"
"2015-09";"I3";"88.1448839"
"2015-09";"VVP3";"0.20508865"
"2015-10";"I0";"93.72909382"
"2015-10";"VVP0";"-0.17897527"
"2015-10";"I1";"94.15973443"
"2015-10";"VVP1";"-1.41578977"
"2015-10";"I2";"92.04967392"
"2015-10";"VVP2";"1.35927442"
"2015-10";"I3";"92.65338149"
"2015-10";"VVP3";"0.35416503"
"2015-11";"I0";"96.95704823"
"2015-11";"VVP0";"-1.63655647"
"2015-11";"I1";"96.97249795"
"2015-11";"VVP1";"-2.68069191"
"2015-11";"I2";"95.17553841"
"2015-11";"VVP2";"-0.03746938"
"2015-11";"I3";"95.37861112"
"2015-11";"VVP3";"-0.90311076"
"2015-12";"I0";"115.8039872"
"2015-12";"VVP0";"-1.991585"
"2015-12";"I1";"115.10177186"
"2015-12";"VVP1";"-2.52387757"
"2015-12";"I2";"114.07845675"
"2015-12";"VVP2";"-0.76745155"
"2015-12";"I3";"113.659526"
"2015-12";"VVP3";"-1.13663926"
"2016-01";"I0";"87.64076442"
"2016-01";"VVP0";"-1.24910438"
"2016-01";"I1";"87.89311536"
"2016-01";"VVP1";"-1.84450415"
"2016-01";"I2";"87.09710249"
"2016-01";"VVP2";"0.15139026"
"2016-01";"I3";"87.62072325"
"2016-01";"VVP3";"-0.32132535"
"2016-02";"I0";"80.46768036"
"2016-02";"VVP0";"-0.66956726"
"2016-02";"I1";"80.72699155"
"2016-02";"VVP1";"-1.10161355"
"2016-02";"I2";"79.7913294"
"2016-02";"VVP2";"-0.0502069"
"2016-02";"I3";"80.33310815"
"2016-02";"VVP3";"-0.38829557"
"2016-03";"I0";"90.68758093"
"2016-03";"VVP0";"-1.65301828"
"2016-03";"I1";"90.9885813"
"2016-03";"VVP1";"-2.01712433"
"2016-03";"I2";"89.66110016"
"2016-03";"VVP2";"-0.78732459"
"2016-03";"I3";"90.2676713"
"2016-03";"VVP3";"-0.99805167"
"2016-04";"I0";"89.36787384"
"2016-04";"VVP0";"-1.41423767"
"2016-04";"I1";"89.5564603"
"2016-04";"VVP1";"-1.80560595"
"2016-04";"I2";"87.98899997"
"2016-04";"VVP2";"-0.98539604"
"2016-04";"I3";"88.45015432"
"2016-04";"VVP3";"-1.24038536"
"2016-05";"I0";"93.87216682"
"2016-05";"VVP0";"-1.69994207"
"2016-05";"I1";"94.29101859"
"2016-05";"VVP1";"-1.93075903"
"2016-05";"I2";"92.51201765"
"2016-05";"VVP2";"-1.096544"
"2016-05";"I3";"93.16375939"
"2016-05";"VVP3";"-1.20700249"
"2016-06";"I0";"90.09381071"
"2016-06";"VVP0";"-3.4560696"
"2016-06";"I1";"90.69615348"
"2016-06";"VVP1";"-3.66498512"
"2016-06";"I2";"88.65448448"
"2016-06";"VVP2";"-2.86830014"
"2016-06";"I3";"89.44118401"
"2016-06";"VVP3";"-2.98856867"
"2016-07";"I0";"90.43061445"
"2016-07";"VVP0";"-2.51563824"
"2016-07";"I1";"91.19013662"
"2016-07";"VVP1";"-2.61143473"
"2016-07";"I2";"89.84623496"
"2016-07";"VVP2";"-2.12253689"
"2016-07";"I3";"90.81001765"
"2016-07";"VVP3";"-2.08677269"
"2016-08";"I0";"85.73237199"
"2016-08";"VVP0";"-1.75203297"
"2016-08";"I1";"86.52855287"
"2016-08";"VVP1";"-1.77905226"
"2016-08";"I2";"84.79261055"
"2016-08";"VVP2";"-1.97134423"
"2016-08";"I3";"85.80814727"
"2016-08";"VVP3";"-1.85889606"
"2016-09";"I0";"86.87646542"
"2016-09";"VVP0";"-2.00953678"
"2016-09";"I1";"87.59741289"
"2016-09";"VVP1";"-1.88076284"
"2016-09";"I2";"85.87119687"
"2016-09";"VVP2";"-1.70974785"
"2016-09";"I3";"86.79010635"
"2016-09";"VVP3";"-1.53698943"
"2016-10";"I0";"93.44442542"
"2016-10";"VVP0";"-0.30371402"
"2016-10";"I1";"94.04461453"
"2016-10";"VVP1";"-0.12226023"
"2016-10";"I2";"92.15225918"
"2016-10";"VVP2";"0.11144555"
"2016-10";"I3";"92.923291"
"2016-10";"VVP3";"0.29131102"
"2016-11";"I0";"97.56615903"
"2016-11";"VVP0";"0.62822747"
"2016-11";"I1";"97.56644255"
"2016-11";"VVP1";"0.61248768"
"2016-11";"I2";"96.43906878"
"2016-11";"VVP2";"1.32757891"
"2016-11";"I3";"96.6255613"
"2016-11";"VVP3";"1.30736877"
"2016-12";"I0";"110.84255078"
"2016-12";"VVP0";"-4.28433989"
"2016-12";"I1";"110.60234727"
"2016-12";"VVP1";"-3.90908369"
"2016-12";"I2";"110.16058289"
"2016-12";"VVP2";"-3.43436786"
"2016-12";"I3";"110.13656361"
"2016-12";"VVP3";"-3.09957512"
"2017-01";"I0";"87.3006942"
"2017-01";"VVP0";"-0.38802745"
"2017-01";"I1";"88.04510266"
"2017-01";"VVP1";"0.17292288"
"2017-01";"I2";"87.38042521"
"2017-01";"VVP2";"0.32529523"
"2017-01";"I3";"88.22710898"
"2017-01";"VVP3";"0.69205743"
"2017-02";"I0";"81.39200242"
"2017-02";"VVP0";"1.14868735"
"2017-02";"I1";"82.26447882"
"2017-02";"VVP1";"1.90455168"
"2017-02";"I2";"80.88340835"
"2017-02";"VVP2";"1.3686687"
"2017-02";"I3";"81.83875796"
"2017-02";"VVP3";"1.87425814"
"2017-03";"I0";"93.75728257"
"2017-03";"VVP0";"3.38491953"
"2017-03";"I1";"94.2899227"
"2017-03";"VVP1";"3.62830297"
"2017-03";"I2";"93.13615743"
"2017-03";"VVP2";"3.87576916"
"2017-03";"I3";"93.79574313"
"2017-03";"VVP3";"3.90845557"
"2017-04";"I0";"88.85131064"
"2017-04";"VVP0";"-0.57801889"
"2017-04";"I1";"89.37690435"
"2017-04";"VVP1";"-0.20049469"
"2017-04";"I2";"87.83139562"
"2017-04";"VVP2";"-0.17911824"
"2017-04";"I3";"88.47574484"
"2017-04";"VVP3";"0.02893213"
"2017-05";"I0";"94.58234396"
"2017-05";"VVP0";"0.75653644"
"2017-05";"I1";"95.06548269"
"2017-05";"VVP1";"0.82135511"
"2017-05";"I2";"93.23119054"
"2017-05";"VVP2";"0.77738321"
"2017-05";"I3";"93.85788365"
"2017-05";"VVP3";"0.74505824"
"2017-06";"I0";"92.312316"
"2017-06";"VVP0";"2.46243918"
"2017-06";"I1";"92.95065393"
"2017-06";"VVP1";"2.48577295"
"2017-06";"I2";"91.31976311"
"2017-06";"VVP2";"3.0063664"
"2017-06";"I3";"92.12436458"
"2017-06";"VVP3";"2.99993856"
"2017-07";"I0";"91.66171104"
"2017-07";"VVP0";"1.36137148"
"2017-07";"I1";"92.42618823"
"2017-07";"VVP1";"1.35546634"
"2017-07";"I2";"91.14629041"
"2017-07";"VVP2";"1.44697822"
"2017-07";"I3";"92.07446591"
"2017-07";"VVP3";"1.39241054"
"2017-08";"I0";"85.68017275"
"2017-08";"VVP0";"-0.06088626"
"2017-08";"I1";"86.58823845"
"2017-08";"VVP1";"0.0689779"
"2017-08";"I2";"85.19426484"
"2017-08";"VVP2";"0.4736902"
"2017-08";"I3";"86.23202563"
"2017-08";"VVP3";"0.49398381"
"2017-09";"I0";"89.36191081"
"2017-09";"VVP0";"2.86089608"
"2017-09";"I1";"90.13323896"
"2017-09";"VVP1";"2.89486411"
"2017-09";"I2";"88.08825498"
"2017-09";"VVP2";"2.5818414"
"2017-09";"I3";"88.97756148"
"2017-09";"VVP3";"2.52039687"
"2017-10";"I0";"92.80048533"
"2017-10";"VVP0";"-0.68911557"
"2017-10";"I1";"93.59471396"
"2017-10";"VVP1";"-0.47839057"
"2017-10";"I2";"91.32788372"
"2017-10";"VVP2";"-0.89457976"
"2017-10";"I3";"92.22412035"
"2017-10";"VVP3";"-0.75241701"
"2017-11";"I0";"99.88882253"
"2017-11";"VVP0";"2.3806036"
"2017-11";"I1";"100.14391256"
"2017-11";"VVP1";"2.64175873"
"2017-11";"I2";"98.29025435"
"2017-11";"VVP2";"1.91953904"
"2017-11";"I3";"98.63605249"
"2017-11";"VVP3";"2.08070324"
"2017-12";"I0";"115.58489166"
"2017-12";"VVP0";"4.27844798"
"2017-12";"I1";"115.28988478"
"2017-12";"VVP1";"4.2381899"
"2017-12";"I2";"114.02185038"
"2017-12";"VVP2";"3.50512623"
"2017-12";"I3";"113.83807853"
"2017-12";"VVP3";"3.36084112"
"2018-01";"I0";"88.00250461"
"2018-01";"VVP0";"0.80390016"
"2018-01";"I1";"88.86472797"
"2018-01";"VVP1";"0.93091528"
"2018-01";"I2";"87.50408058"
"2018-01";"VVP2";"0.14151381"
"2018-01";"I3";"88.41743605"
"2018-01";"VVP3";"0.21572403"
"2018-02";"I0";"81.82714344"
"2018-02";"VVP0";"0.53462379"
"2018-02";"I1";"82.73220504"
"2018-02";"VVP1";"0.56856401"
"2018-02";"I2";"81.18454231"
"2018-02";"VVP2";"0.37230622"
"2018-02";"I3";"82.12633508"
"2018-02";"VVP3";"0.35139477"
"2018-03";"I0";"93.82861646"
"2018-03";"VVP0";"0.07608357"
"2018-03";"I1";"94.64648564"
"2018-03";"VVP1";"0.37815593"
"2018-03";"I2";"92.74269444"
"2018-03";"VVP2";"-0.42245998"
"2018-03";"I3";"93.640891"
"2018-03";"VVP3";"-0.16509505"
"2018-04";"I0";"91.43150508"
"2018-04";"VVP0";"2.9039464"
"2018-04";"I1";"92.24460396"
"2018-04";"VVP1";"3.20854658"
"2018-04";"I2";"90.43181838"
"2018-04";"VVP2";"2.96069844"
"2018-04";"I3";"91.29209705"
"2018-04";"VVP3";"3.1831913"
"2018-05";"I0";"95.22515947"
"2018-05";"VVP0";"0.67963585"
"2018-05";"I1";"95.98843103"
"2018-05";"VVP1";"0.97085536"
"2018-05";"I2";"93.70353121"
"2018-05";"VVP2";"0.50663374"
"2018-05";"I3";"94.443634"
"2018-05";"VVP3";"0.6240822"
"2018-06";"I0";"94.36386022"
"2018-06";"VVP0";"2.22239492"
"2018-06";"I1";"95.30119169"
"2018-06";"VVP1";"2.52880175"
"2018-06";"I2";"92.88834948"
"2018-06";"VVP2";"1.71768554"
"2018-06";"I3";"93.77439671"
"2018-06";"VVP3";"1.79109201"
"2018-07";"I0";"92.80039509"
"2018-07";"VVP0";"1.24226794"
"2018-07";"I1";"93.87841861"
"2018-07";"VVP1";"1.57123258"
"2018-07";"I2";"91.9451502"
"2018-07";"VVP2";"0.87645892"
"2018-07";"I3";"92.98042455"
"2018-07";"VVP3";"0.98394124"
"2018-08";"I0";"87.91778621"
"2018-08";"VVP0";"2.61158841"
"2018-08";"I1";"89.10051295"
"2018-08";"VVP1";"2.90140387"
"2018-08";"I2";"86.94146969"
"2018-08";"VVP2";"2.05084797"
"2018-08";"I3";"88.09154585"
"2018-08";"VVP3";"2.15641487"
"2018-09";"I0";"87.71189438"
"2018-09";"VVP0";"-1.84644265"
"2018-09";"I1";"88.97972495"
"2018-09";"VVP1";"-1.27978759"
"2018-09";"I2";"86.27454248"
"2018-09";"VVP2";"-2.05897199"
"2018-09";"I3";"87.47855632"
"2018-09";"VVP3";"-1.6847002"
"2018-10";"I0";"94.95559687"
"2018-10";"VVP0";"2.32230632"
"2018-10";"I1";"96.12341168"
"2018-10";"VVP1";"2.70175271"
"2018-10";"I2";"93.27646125"
"2018-10";"VVP2";"2.13360635"
"2018-10";"I3";"94.3669837"
"2018-10";"VVP3";"2.32353895"
"2018-11";"I0";"100.29752697"
"2018-11";"VVP0";"0.40915933"
"2018-11";"I1";"100.76293655"
"2018-11";"VVP1";"0.61813442"
"2018-11";"I2";"98.62146669"
"2018-11";"VVP2";"0.33697373"
"2018-11";"I3";"99.02801905"
"2018-11";"VVP3";"0.3973867"
"2018-12";"I0";"115.96606457"
"2018-12";"VVP0";"0.32977745"
"2018-12";"I1";"115.79861172"
"2018-12";"VVP1";"0.44125896"
"2018-12";"I2";"114.19161754"
"2018-12";"VVP2";"0.14889003"
"2018-12";"I3";"114.04562107"
"2018-12";"VVP3";"0.18231381"
"2019-01";"I0";"88.38084133"
"2019-01";"VVP0";"0.42991585"
"2019-01";"I1";"89.32957514"
"2019-01";"VVP1";"0.52309524"
"2019-01";"I2";"87.83633273"
"2019-01";"VVP2";"0.37969904"
"2019-01";"I3";"88.82928358"
"2019-01";"VVP3";"0.46579899"
"2019-02";"I0";"82.30633241"
"2019-02";"VVP0";"0.58561127"
"2019-02";"I1";"83.31225387"
"2019-02";"VVP1";"0.70111613"
"2019-02";"I2";"81.58740766"
"2019-02";"VVP2";"0.49623405"
"2019-02";"I3";"82.64389483"
"2019-02";"VVP3";"0.63019949"
"2019-03";"I0";"93.6283531"
"2019-03";"VVP0";"-0.21343527"
"2019-03";"I1";"94.35255138"
"2019-03";"VVP1";"-0.31056014"
"2019-03";"I2";"92.41463531"
"2019-03";"VVP2";"-0.35373042"
"2019-03";"I3";"93.18961422"
"2019-03";"VVP3";"-0.48192278"
"2019-04";"I0";"92.30702573"
"2019-04";"VVP0";"0.95756999"
"2019-04";"I1";"93.0404365"
"2019-04";"VVP1";"0.86274156"
"2019-04";"I2";"90.81821621"
"2019-04";"VVP2";"0.42728083"
"2019-04";"I3";"91.55995726"
"2019-04";"VVP3";"0.29341008"
"2019-05";"I0";"95.62018485"
"2019-05";"VVP0";"0.41483299"
"2019-05";"I1";"96.32735722"
"2019-05";"VVP1";"0.35309067"
"2019-05";"I2";"93.97955389"
"2019-05";"VVP2";"0.2945702"
"2019-05";"I3";"94.65182827"
"2019-05";"VVP3";"0.22044288"
"2019-06";"I0";"95.82914313"
"2019-06";"VVP0";"1.55280094"
"2019-06";"I1";"96.85399366"
"2019-06";"VVP1";"1.62936259"
"2019-06";"I2";"94.24669045"
"2019-06";"VVP2";"1.46233729"
"2019-06";"I3";"95.23917462"
"2019-06";"VVP3";"1.56202329"
"2019-07";"I0";"94.932946"
"2019-07";"VVP0";"2.29799766"
"2019-07";"I1";"95.86933816"
"2019-07";"VVP1";"2.12074254"
"2019-07";"I2";"93.98966548"
"2019-07";"VVP2";"2.22362493"
"2019-07";"I3";"94.91301573"
"2019-07";"VVP3";"2.07849252"
"2019-08";"I0";"88.73525452"
"2019-08";"VVP0";"0.92980993"
"2019-08";"I1";"89.57525064"
"2019-08";"VVP1";"0.5328114"
"2019-08";"I2";"87.61225201"
"2019-08";"VVP2";"0.77153323"
"2019-08";"I3";"88.452012"
"2019-08";"VVP3";"0.40919495"
"2019-09";"I0";"89.79482314"
"2019-09";"VVP0";"2.37473923"
"2019-09";"I1";"90.61558293"
"2019-09";"VVP1";"1.83846149"
"2019-09";"I2";"88.48537554"
"2019-09";"VVP2";"2.56255553"
"2019-09";"I3";"89.33243163"
"2019-09";"VVP3";"2.11923401"
"2019-10";"I0";"95.76814568"
"2019-10";"VVP0";"0.8557145"
"2019-10";"I1";"96.36974328"
"2019-10";"VVP1";"0.25626597"
"2019-10";"I2";"94.56090348"
"2019-10";"VVP2";"1.37702719"
"2019-10";"I3";"95.19409122"
"2019-10";"VVP3";"0.87647977"
"2019-11";"I0";"102.50708941"
"2019-11";"VVP0";"2.2030079"
"2019-11";"I1";"102.33912622"
"2019-11";"VVP1";"1.5642554"
"2019-11";"I2";"101.37701589"
"2019-11";"VVP2";"2.79406634"
"2019-11";"I3";"101.25995567"
"2019-11";"VVP3";"2.25384356"
"2019-12";"I0";"117.58183913"
"2019-12";"VVP0";"1.39331671"
"2019-12";"I1";"116.90528953"
"2019-12";"VVP1";"0.95569178"
"2019-12";"I2";"116.39051805"
"2019-12";"VVP2";"1.9256234"
"2019-12";"I3";"115.78619707"
"2019-12";"VVP3";"1.52621028"
"2020-01";"I0";"88.76844089"
"2020-01";"VVP0";"0.43855609"
"2020-01";"I1";"89.63196042"
"2020-01";"VVP1";"0.33850523"
"2020-01";"I2";"88.75819466"
"2020-01";"VVP2";"1.04952234"
"2020-01";"I3";"89.65066638"
"2020-01";"VVP3";"0.92467571"
"2020-02";"I0";"83.97531882"
"2020-02";"VVP0";"2.02777399"
"2020-02";"I1";"84.38630743"
"2020-02";"VVP1";"1.28919038"
"2020-02";"I2";"83.79134234"
"2020-02";"VVP2";"2.7013172"
"2020-02";"I3";"84.25137387"
"2020-02";"VVP3";"1.9450669"
"2020-03";"I0";"89.05989511"
"2020-03";"VVP0";"-4.87935314"
"2020-03";"I1";"88.7081518"
"2020-03";"VVP1";"-5.98224373"
"2020-03";"I2";"88.3343841"
"2020-03";"VVP2";"-4.41515697"
"2020-03";"I3";"88.11465187"
"2020-03";"VVP3";"-5.44584543"
"2020-04";"I0";"75.69546836"
"2020-04";"VVP0";"-17.99598377"
"2020-04";"I1";"75.39024646"
"2020-04";"VVP1";"-18.97045059"
"2020-04";"I2";"74.96844514"
"2020-04";"VVP2";"-17.45219377"
"2020-04";"I3";"74.82516949"
"2020-04";"VVP3";"-18.2774089"
"2020-05";"I0";"104.55190372"
"2020-05";"VVP0";"9.34082995"
"2020-05";"I1";"103.12942879"
"2020-05";"VVP1";"7.06141201"
"2020-05";"I2";"103.44459413"
"2020-05";"VVP2";"10.07138239"
"2020-05";"I3";"102.29560647"
"2020-05";"VVP3";"8.0756794"
"2020-06";"I0";"100.16125324"
"2020-06";"VVP0";"4.52066039"
"2020-06";"I1";"99.60374035"
"2020-06";"VVP1";"2.83906382"
"2020-06";"I2";"98.998614"
"2020-06";"VVP2";"5.04200574"
"2020-06";"I3";"98.70003247"
"2020-06";"VVP3";"3.63385956"
"2020-07";"I0";"99.38567133"
"2020-07";"VVP0";"4.69038992"
"2020-07";"I1";"99.13780258"
"2020-07";"VVP1";"3.40929069"
"2020-07";"I2";"98.88860512"
"2020-07";"VVP2";"5.21221095"
"2020-07";"I3";"98.87275364"
"2020-07";"VVP3";"4.17196512"
"2020-08";"I0";"92.60927585"
"2020-08";"VVP0";"4.36581982"
"2020-08";"I1";"92.64532463"
"2020-08";"VVP1";"3.42736857"
"2020-08";"I2";"92.02441849"
"2020-08";"VVP2";"5.03601537"
"2020-08";"I3";"92.27136117"
"2020-08";"VVP3";"4.31799015"
"2020-09";"I0";"92.35132179"
"2020-09";"VVP0";"2.84704458"
"2020-09";"I1";"92.14070604"
"2020-09";"VVP1";"1.68306936"
"2020-09";"I2";"91.43697904"
"2020-09";"VVP2";"3.33569642"
"2020-09";"I3";"91.44614459"
"2020-09";"VVP3";"2.36612047"
"2020-10";"I0";"102.37546208"
"2020-10";"VVP0";"6.89928405"
"2020-10";"I1";"101.42215657"
"2020-10";"VVP1";"5.24273815"
"2020-10";"I2";"101.29139052"
"2020-10";"VVP2";"7.11762134"
"2020-10";"I3";"100.59739481"
"2020-10";"VVP3";"5.67609136"
"2020-11";"I0";"105.94657087"
"2020-11";"VVP0";"3.3553596"
"2020-11";"I1";"104.29088712"
"2020-11";"VVP1";"1.90715024"
"2020-11";"I2";"105.28714814"
"2020-11";"VVP2";"3.85702046"
"2020-11";"I3";"103.88123182"
"2020-11";"VVP3";"2.58866018"
"2020-12";"I0";"124.48824665"
"2020-12";"VVP0";"5.87370258"
"2020-12";"I1";"121.96662231"
"2020-12";"VVP1";"4.32943008"
"2020-12";"I2";"124.41127849"
"2020-12";"VVP2";"6.89124903"
"2020-12";"I3";"122.14918005"
"2020-12";"VVP3";"5.49545899"
"2021-01";"I0";"88.98401526"
"2021-01";"VVP0";"0.24285024"
"2021-01";"I1";"88.3867303"
"2021-01";"VVP1";"-1.38927021"
"2021-01";"I2";"89.21942098"
"2021-01";"VVP2";"0.51964365"
"2021-01";"I3";"88.74868784"
"2021-01";"VVP3";"-1.00610356"
"2021-02";"I0";"77.47996413"
"2021-02";"VVP0";"-7.73483778"
"2021-02";"I1";"77.75390276"
"2021-02";"VVP1";"-7.85957447"
"2021-02";"I2";"77.81248251"
"2021-02";"VVP2";"-7.13541478"
"2021-02";"I3";"78.16404482"
"2021-02";"VVP3";"-7.22519856"
"2021-03";"I0";"109.31761585"
"2021-03";"VVP0";"22.74617628"
"2021-03";"I1";"108.48738758"
"2021-03";"VVP1";"22.29697653"
"2021-03";"I2";"109.51169923"
"2021-03";"VVP2";"23.97403383"
"2021-03";"I3";"108.72161949"
"2021-03";"VVP3";"23.38653922"
"2021-04";"I0";"103.88963849"
"2021-04";"VVP0";"37.24684019"
"2021-04";"I1";"103.31232112"
"2021-04";"VVP1";"37.03672022"
"2021-04";"I2";"103.77799958"
"2021-04";"VVP2";"38.42890751"
"2021-04";"I3";"103.24628234"
"2021-04";"VVP3";"37.98335915"
"2021-05";"I0";"105.31708406"
"2021-05";"VVP0";"0.73186649"
"2021-05";"I1";"105.05256437"
"2021-05";"VVP1";"1.86477866"
"2021-05";"I2";"104.99856216"
"2021-05";"VVP2";"1.50222256"
"2021-05";"I3";"104.75166149"
"2021-05";"VVP3";"2.40093891"
"2021-06";"I0";"99.11633738"
"2021-06";"VVP0";"-1.04323361"
"2021-06";"I1";"99.54517735"
"2021-06";"VVP1";"-0.05879598"
"2021-06";"I2";"98.78973483"
"2021-06";"VVP2";"-0.21099201"
"2021-06";"I3";"99.22978163"
"2021-06";"VVP3";"0.53672643"
"2021-07";"I0";"96.30660374"
"2021-07";"VVP0";"-3.09810011"
"2021-07";"I1";"96.80259478"
"2021-07";"VVP1";"-2.35551701"
"2021-07";"I2";"96.40686718"
"2021-07";"VVP2";"-2.50962983"
"2021-07";"I3";"96.8793594"
"2021-07";"VVP3";"-2.01612089"
"2021-08";"I0";"92.75331846"
"2021-08";"VVP0";"0.155538"
"2021-08";"I1";"93.28219723"
"2021-08";"VVP1";"0.68743091"
"2021-08";"I2";"92.58487877"
"2021-08";"VVP2";"0.6090343"
"2021-08";"I3";"93.09670768"
"2021-08";"VVP3";"0.89447745"
"2021-09";"I0";"93.19695339"
"2021-09";"VVP0";"0.91566811"
"2021-09";"I1";"94.04595993"
"2021-09";"VVP1";"2.06776567"
"2021-09";"I2";"93.02000471"
"2021-09";"VVP2";"1.73127512"
"2021-09";"I3";"93.85247839"
"2021-09";"VVP3";"2.63142183"
"2021-10";"I0";"101.90593551"
"2021-10";"VVP0";"-0.45863194"
"2021-10";"I1";"102.64495731"
"2021-10";"VVP1";"1.20565445"
"2021-10";"I2";"101.74487333"
"2021-10";"VVP2";"0.44770123"
"2021-10";"I3";"102.42443818"
"2021-10";"VVP3";"1.81619353"
"2021-11";"I0";"109.16161209"
"2021-11";"VVP0";"3.03458733"
"2021-11";"I1";"109.0002215"
"2021-11";"VVP1";"4.51557611"
"2021-11";"I2";"109.17486393"
"2021-11";"VVP2";"3.69248845"
"2021-11";"I3";"108.90483517"
"2021-11";"VVP3";"4.83591045"
"2021-12";"I0";"122.57092164"
"2021-12";"VVP0";"-1.54016549"
"2021-12";"I1";"121.68598578"
"2021-12";"VVP1";"-0.23009289"
"2021-12";"I2";"122.95861278"
"2021-12";"VVP2";"-1.16763185"
"2021-12";"I3";"121.98010356"
"2021-12";"VVP3";"-0.13841803"
"2022-01";"I0";"93.01564354"
"2022-01";"VVP0";"4.53073314"
"2022-01";"I1";"93.68314457"
"2022-01";"VVP1";"5.99231837"
"2022-01";"I2";"93.72469345"
"2022-01";"VVP2";"5.04965445"
"2022-01";"I3";"94.31888229"
"2022-01";"VVP3";"6.27636824"
"2022-02";"I0";"87.75389503"
"2022-02";"VVP0";"13.26011314"
"2022-02";"I1";"88.48286787"
"2022-02";"VVP1";"13.79861941"
"2022-02";"I2";"87.9511676"
"2022-02";"VVP2";"13.02963838"
"2022-02";"I3";"88.55987681"
"2022-02";"VVP3";"13.30001794"
"2022-03";"I0";"101.23621235"
"2022-03";"VVP0";"-7.39259033"
"2022-03";"I1";"102.57942483"
"2022-03";"VVP1";"-5.44575999"
"2022-03";"I2";"100.94548481"
"2022-03";"VVP2";"-7.82219112"
"2022-03";"I3";"102.03890436"
"2022-03";"VVP3";"-6.1466295"
"2022-04";"I0";"97.5237229"
"2022-04";"VVP0";"-6.12757507"
"2022-04";"I1";"98.53143683"
"2022-04";"VVP1";"-4.62760321"
"2022-04";"I2";"96.7388588"
"2022-04";"VVP2";"-6.78288348"
"2022-04";"I3";"97.4681232"
"2022-04";"VVP3";"-5.59648155"
"2022-05";"I0";"103.25879225"
"2022-05";"VVP0";"-1.954376"
"2022-05";"I1";"104.59079499"
"2022-05";"VVP1";"-0.43956031"
"2022-05";"I2";"101.55305709"
"2022-05";"VVP2";"-3.28147834"
"2022-05";"I3";"102.56863629"
"2022-05";"VVP3";"-2.08400055"
"2022-06";"I0";"99.98560061"
"2022-06";"VVP0";"0.87701307"
"2022-06";"I1";"101.60187701"
"2022-06";"VVP1";"2.06609674"
"2022-06";"I2";"98.16417858"
"2022-06";"VVP2";"-0.63321989"
"2022-06";"I3";"99.35747417"
"2022-06";"VVP3";"0.12868368"
"2022-07";"I0";"99.32590557"
"2022-07";"VVP0";"3.13509325"
"2022-07";"I1";"101.05885515"
"2022-07";"VVP1";"4.39684534"
"2022-07";"I2";"97.97329495"
"2022-07";"VVP2";"1.62480933"
"2022-07";"I3";"99.28271101"
"2022-07";"VVP3";"2.48076745"
"2022-08";"I0";"95.59394051"
"2022-08";"VVP0";"3.0625557"
"2022-08";"I1";"96.99662507"
"2022-08";"VVP1";"3.98192576"
"2022-08";"I2";"93.61819157"
"2022-08";"VVP2";"1.1160708"
"2022-08";"I3";"94.66857806"
"2022-08";"VVP3";"1.68842746"
"2022-09";"I0";"96.83600802"
"2022-09";"VVP0";"3.90469269"
"2022-09";"I1";"98.18442478"
"2022-09";"VVP1";"4.40047064"
"2022-09";"I2";"94.64115069"
"2022-09";"VVP2";"1.74279284"
"2022-09";"I3";"95.71869852"
"2022-09";"VVP3";"1.98846121"
"2022-10";"I0";"101.3832041"
"2022-10";"VVP0";"-0.51295482"
"2022-10";"I1";"102.74481934"
"2022-10";"VVP1";"0.09728878"
"2022-10";"I2";"98.81049599"
"2022-10";"VVP2";"-2.88405425"
"2022-10";"I3";"99.94510268"
"2022-10";"VVP3";"-2.42064838"
"2022-11";"I0";"109.56040657"
"2022-11";"VVP0";"0.36532483"
"2022-11";"I1";"109.91520686"
"2022-11";"VVP1";"0.8394344"
"2022-11";"I2";"106.87330066"
"2022-11";"VVP2";"-2.10814393"
"2022-11";"I3";"106.99628285"
"2022-11";"VVP3";"-1.75249549"
"2022-12";"I0";"121.34200143"
"2022-12";"VVP0";"-1.0026197"
"2022-12";"I1";"120.73935662"
"2022-12";"VVP1";"-0.77792784"
"2022-12";"I2";"118.72452096"
"2022-12";"VVP2";"-3.44350975"
"2022-12";"I3";"118.01573763"
"2022-12";"VVP3";"-3.2500103"
"2023-01";"I0";"93.67029657"
"2023-01";"VVP0";"0.7038096"
"2023-01";"I1";"94.57401114"
"2023-01";"VVP1";"0.9509358"
"2023-01";"I2";"91.63754959"
"2023-01";"VVP2";"-2.2268879"
"2023-01";"I3";"92.44117143"
"2023-01";"VVP3";"-1.99081119"
"2023-02";"I0";"89.89882595"
"2023-02";"VVP0";"2.44425722"
"2023-02";"I1";"90.62212996"
"2023-02";"VVP1";"2.41771333"
"2023-02";"I2";"87.34979003"
"2023-02";"VVP2";"-0.68376304"
"2023-02";"I3";"87.95932908"
"2023-02";"VVP3";"-0.67812621"
"2023-03";"I0";"102.54927542"
"2023-03";"VVP0";"1.29702904"
"2023-03";"I1";"103.19171349"
"2023-03";"VVP1";"0.59689228"
"2023-03";"I2";"99.2943413"
"2023-03";"VVP2";"-1.63567842"
"2023-03";"I3";"99.82482537"
"2023-03";"VVP3";"-2.16983806"
"2023-04";"I0";"96.10648032"
"2023-04";"VVP0";"-1.45322855"
"2023-04";"I1";"96.86942062"
"2023-04";"VVP1";"-1.68678775"
"2023-04";"I2";"92.91765156"
"2023-04";"VVP2";"-3.95002306"
"2023-04";"I3";"93.56863521"
"2023-04";"VVP3";"-4.00078288"
"2023-05";"I0";"104.70284727"
"2023-05";"VVP0";"1.39848142"
"2023-05";"I1";"105.19630018"
"2023-05";"VVP1";"0.5789278"
"2023-05";"I2";"100.6817626"
"2023-05";"VVP2";"-0.85796973"
"2023-05";"I3";"101.09506176"
"2023-05";"VVP3";"-1.43667166"
"2023-06";"I0";"103.53182317"
"2023-06";"VVP0";"3.54673327"
"2023-06";"I1";"104.20372522"
"2023-06";"VVP1";"2.56082691"
"2023-06";"I2";"99.40352365"
"2023-06";"VVP2";"1.26252273"
"2023-06";"I3";"100.02151709"
"2023-06";"VVP3";"0.66833716"
"2023-07";"I0";"99.7589684"
"2023-07";"VVP0";"0.4360019"
"2023-07";"I1";"100.48839711"
"2023-07";"VVP1";"-0.56448101"
"2023-07";"I2";"96.18087179"
"2023-07";"VVP2";"-1.82950177"
"2023-07";"I3";"96.83852056"
"2023-07";"VVP3";"-2.46184903"
"2023-08";"I0";"95.69427597"
"2023-08";"VVP0";"0.10496006"
"2023-08";"I1";"96.49240492"
"2023-08";"VVP1";"-0.51983267"
"2023-08";"I2";"92.0958947"
"2023-08";"VVP2";"-1.62606951"
"2023-08";"I3";"92.75626998"
"2023-08";"VVP3";"-2.02000296"
"2023-09";"I0";"95.57803487"
"2023-09";"VVP0";"-1.29907581"
"2023-09";"I1";"96.77861373"
"2023-09";"VVP1";"-1.43180658"
"2023-09";"I2";"92.05454054"
"2023-09";"VVP2";"-2.73307133"
"2023-09";"I3";"93.06931662"
"2023-09";"VVP3";"-2.76788333"
"2023-10";"I0";"101.16329631"
"2023-10";"VVP0";"-0.21690752"
"2023-10";"I1";"101.86405676"
"2023-10";"VVP1";"-0.85723308"
"2023-10";"I2";"97.33511804"
"2023-10";"VVP2";"-1.49313889"
"2023-10";"I3";"97.87182209"
"2023-10";"VVP3";"-2.0744194"
"2023-11";"I0";"109.65106909"
"2023-11";"VVP0";"0.08275117"
"2023-11";"I1";"109.46811939"
"2023-11";"VVP1";"-0.4067567"
"2023-11";"I2";"106.01329524"
"2023-11";"VVP2";"-0.80469622"
"2023-11";"I3";"105.73081662"
"2023-11";"VVP3";"-1.18271981"
"2023-12";"I0";"122.45093696"
"2023-12";"VVP0";"0.91389256"
"2023-12";"I1";"121.83793906"
"2023-12";"VVP1";"0.90987932"
"2023-12";"I2";"118.67120607"
"2023-12";"VVP2";"-0.04490638"
"2023-12";"I3";"118.02412566"
"2023-12";"VVP3";"0.00710755"
"2024-01";"I0";"94.41387103"
"2024-01";"VVP0";"0.79382097"
"2024-01";"I1";"95.10157627"
"2024-01";"VVP1";"0.55783309"
"2024-01";"I2";"92.03016885"
"2024-01";"VVP2";"0.42844801"
"2024-01";"I3";"92.659682"
"2024-01";"VVP3";"0.23637798"
"2024-02";"I0";"89.94709625"
"2024-02";"VVP0";"0.05369403"
"2024-02";"I1";"90.23597278"
"2024-02";"VVP1";"-0.42611797"
"2024-02";"I2";"87.58653259"
"2024-02";"VVP2";"0.2710282"
"2024-02";"I3";"87.81265067"
"2024-02";"VVP3";"-0.16675707"
"2024-03";"I0";"101.74278879"
"2024-03";"VVP0";"-0.78643815"
"2024-03";"I1";"102.2788005"
"2024-03";"VVP1";"-0.88467665"
"2024-03";"I2";"99.27038254"
"2024-03";"VVP2";"-0.02412903"
"2024-03";"I3";"99.6987392"
"2024-03";"VVP3";"-0.12630743"
"2024-04";"I0";"98.0565334"
"2024-04";"VVP0";"2.02905472"
"2024-04";"I1";"98.58923204"
"2024-04";"VVP1";"1.77539145"
"2024-04";"I2";"95.25087494"
"2024-04";"VVP2";"2.51106581"
"2024-04";"I3";"95.67066257"
"2024-04";"VVP3";"2.24650852"
"2024-05";"I0";"103.84502715"
"2024-05";"VVP0";"-0.81929016"
"2024-05";"I1";"104.40054869"
"2024-05";"VVP1";"-0.75644437"
"2024-05";"I2";"100.68072863"
"2024-05";"VVP2";"-0.00102697"
"2024-05";"I3";"101.09488108"
"2024-05";"VVP3";"-0.00017872"
"2024-06";"I0";"98.85799087"
"2024-06";"VVP0";"-4.51439196"
"2024-06";"I1";"99.81298025"
"2024-06";"VVP1";"-4.21361612"
"2024-06";"I2";"96.22717244"
"2024-06";"VVP2";"-3.19541108"
"2024-06";"I3";"97.04175825"
"2024-06";"VVP3";"-2.97911782"
"2024-07";"I0";"101.16032286"
"2024-07";"VVP0";"1.40474033"
"2024-07";"I1";"101.82995817"
"2024-07";"VVP1";"1.33504076"
"2024-07";"I2";"98.75511261"
"2024-07";"VVP2";"2.67645819"
"2024-07";"I3";"99.29883454"
"2024-07";"VVP3";"2.54063565"
"2024-08";"I0";"97.19026157"
"2024-08";"VVP0";"1.56329686"
"2024-08";"I1";"97.92172577"
"2024-08";"VVP1";"1.48127808"
"2024-08";"I2";"94.76385045"
"2024-08";"VVP2";"2.89693233"
"2024-08";"I3";"95.38833192"
"2024-08";"VVP3";"2.83761081"
"2024-09";"I0";"96.57512434"
"2024-09";"VVP0";"1.04322031"
"2024-09";"I1";"97.23177616"
"2024-09";"VVP1";"0.46824646"
"2024-09";"I2";"94.08981633"
"2024-09";"VVP2";"2.21094558"
"2024-09";"I3";"94.68463716"
"2024-09";"VVP3";"1.73561019"
"2024-10";"I0";"102.26321865"
"2024-10";"VVP0";"1.08727412"
"2024-10";"I1";"102.39260349"
"2024-10";"VVP1";"0.51887461"
"2024-10";"I2";"99.60390861"
"2024-10";"VVP2";"2.33090648"
"2024-10";"I3";"99.7309417"
"2024-10";"VVP3";"1.89954531"
"2024-11";"I0";"110.47818354"
"2024-11";"VVP0";"0.75431499"
"2024-11";"I1";"109.88242227"
"2024-11";"VVP1";"0.37846898"
"2024-11";"I2";"107.88630895"
"2024-11";"VVP2";"1.76677246"
"2024-11";"I3";"107.30501187"
"2024-11";"VVP3";"1.4888708"
"2024-12";"I0";"123.97934683"
"2024-12";"VVP0";"1.24818144"
"2024-12";"I1";"122.86454564"
"2024-12";"VVP1";"0.84260008"
"2024-12";"I2";"121.92759219"
"2024-12";"VVP2";"2.74404064"
"2024-12";"I3";"120.8086485"
"2024-12";"VVP3";"2.35928275"
"2025-01";"I0";"96.08707127"
"2025-01";"VVP0";"1.77219747"
"2025-01";"I1";"96.41072429"
"2025-01";"VVP1";"1.37657867"
"2025-01";"I2";"94.85206271"
"2025-01";"VVP2";"3.06627043"
"2025-01";"I3";"95.14796479"
"2025-01";"VVP3";"2.68539967"
"2025-02";"I0";"90.64572958"
"2025-02";"VVP0";"0.77671582"
"2025-02";"I1";"90.84723414"
"2025-02";"VVP1";"0.67740319"
"2025-02";"I2";"89.22903302"
"2025-02";"VVP2";"1.87528879"
"2025-02";"I3";"89.39900767"
"2025-02";"VVP3";"1.80652444"
"2025-03";"I0";"102.80797179"
"2025-03";"VVP0";"1.04693709"
"2025-03";"I1";"103.00018727"
"2025-03";"VVP1";"0.70531407"
"2025-03";"I2";"101.13706655"
"2025-03";"VVP2";"1.88040376"
"2025-03";"I3";"101.30486867"
"2025-03";"VVP3";"1.61098273"
"2025-04";"I0";"98.42723035"
"2025-04";"VVP0";"0.37804412"
"2025-04";"I1";"98.50613315"
"2025-04";"VVP1";"-0.084288"
"2025-04";"I2";"96.48878922"
"2025-04";"VVP2";"1.2996356"
"2025-04";"I3";"96.55755619"
"2025-04";"VVP3";"0.92702778"
"2025-05";"I0";"103.28483756"
"2025-05";"VVP0";"-0.53944768"
"2025-05";"I1";"103.50605213"
"2025-05";"VVP1";"-0.85679297"
"2025-05";"I2";"100.84568598"
"2025-05";"VVP2";"0.16384203"
"2025-05";"I3";"101.06973082"
"2025-05";"VVP3";"-0.02487788"
"2025-06";"I0";"102.76510062"
"2025-06";"VVP0";"3.95224475"
"2025-06";"I1";"103.24318826"
"2025-06";"VVP1";"3.43663519"
"2025-06";"I2";"100.36463466"
"2025-06";"VVP2";"4.2996818"
"2025-06";"I3";"100.85772429"
"2025-06";"VVP3";"3.93229277"
"2025-07";"I0";"102.10200892"
"2025-07";"VVP0";"0.93088479"
"2025-07";"I1";"102.21807408"
"2025-07";"VVP1";"0.38114119"
"2025-07";"I2";"100.05169708"
"2025-07";"VVP2";"1.31292896"
"2025-07";"I3";"100.18343564"
"2025-07";"VVP3";"0.89084742"
"2025-08";"I0";"96.75546435"
"2025-08";"VVP0";"-0.44736707"
"2025-08";"I1";"97.14807307"
"2025-08";"VVP1";"-0.79007257"
"2025-08";"I2";"94.79579274"
"2025-08";"VVP2";"0.03370726"
"2025-08";"I3";"95.19835471"
"2025-08";"VVP3";"-0.1991619"
