date,cpi_index,eur_chf,usd_chf,unemployment_total,gdp,is_quarter_end,log_cpi,log_eur,log_usd,log_unemp,log_gdp,log_cpi_std,log_eur_std,log_usd_std,log_unemp_std,log_gdp_std
2002-01-31,94.2645,1.4738,1.6681,3.946988,129728.572251248,FALSE,4.54610466064886,0.387844099350762,0.511685254177873,1.37295275639233,11.7731996409641,-2.08288097166595,0.951673180248064,3.06816449769115,-1.30376775057158,-1.72253673987766
2002-02-28,94.2615,1.4774,1.6979,3.946988,,FALSE,4.5460728347999,0.3902837861125,0.529392193339829,1.37295275639233,,-2.08390450930493,0.965254426085824,3.18149027969229,-1.30376775057158,
2002-03-31,94.2767,1.468,1.6753,3.946988,,TRUE,4.546234075334,0.383900930192324,0.51599225371735,1.37295275639233,,-2.07871892082936,0.929722350100321,3.09572962831172,-1.30376775057158,
2002-04-30,95.0902,1.466,1.6549,3.946988,130062.645014663,FALSE,4.55482591481973,0.38253760346446,0.503740584042761,1.37295275639233,11.7757714980967,-1.80240041276676,0.922132984228157,3.01731799352869,-1.30376775057158,-1.70257476574993
2002-05-31,95.1815,1.4567,1.5876,3.946988,,FALSE,4.55578559518215,0.376173603472765,0.462223441926773,1.37295275639233,,-1.77153653938998,0.886705875406566,2.75160506857238,-1.30376775057158,
2002-06-30,95.0566,1.4716,1.5408,3.946988,,TRUE,4.55447250366214,0.386350244248482,0.432301762061724,1.37295275639233,,-1.81376631921314,0.943357189151079,2.56010400006586,-1.30376775057158,
2002-07-31,94.5556,1.4626,1.474,3.946988,129972.713834245,FALSE,4.5491880212723,0.380215673854714,0.387979793767145,1.37295275639233,11.7750798138243,-1.98371831753323,0.909207268786941,2.27643997033877,-1.30376775057158,-1.70794340904543
2002-08-31,94.5243,1.4639,1.4977,3.946988,,FALSE,4.54885694430128,0.381104107195229,0.403930598016213,1.37295275639233,,-1.99436594367157,0.914152998622931,2.37852635288853,-1.30376775057158,
2002-09-30,94.6676,1.4651,1.4938,3.946988,,TRUE,4.55037180859943,0.38192349952513,0.401323208940829,1.37295275639233,,-1.94564703505189,0.918714391029731,2.36183886086936,-1.30376775057158,
2002-10-31,95.2204,1.4649,1.4929,3.946988,129430.794806772,FALSE,4.5561942045557,0.381786980753587,0.400720537077407,1.37295275639233,11.770901614241,-1.75839542651558,0.917954418468141,2.35798171426781,-1.30376775057158,-1.74037332551446
2002-11-30,95.045,1.4673,1.4651,3.946988,,FALSE,4.55435046365812,0.383423977231284,0.38192349952513,1.37295275639233,,-1.81769119605607,0.927067248831374,2.23767921814282,-1.30376775057158,
2002-12-31,94.9867,1.468,1.441,3.946988,,TRUE,4.55373688179963,0.383900930192324,0.365337317017385,1.37295275639233,,-1.83742434214127,0.929722350100321,2.13152636552884,-1.30376775057158,
2003-01-31,95.0627,1.4623,1.3759,3.946988,128914.468043171,FALSE,4.55453667389633,0.380010538635696,0.319108062451634,1.37295275639233,11.7669044250116,-1.81170256750997,0.908065322253824,1.83565555595099,-1.30376775057158,-1.77139829458052
2003-02-28,95.1562,1.4672,1.3616,3.946988,,FALSE,4.55551975189257,0.383355822520063,0.308660478836973,1.37295275639233,,-1.78008621274873,0.926687845252764,1.76879021167412,-1.30376775057158,
2003-03-31,95.5392,1.469,1.3592,3.946988,,TRUE,4.55953663447061,0.38458189719174,0.306896291375585,1.37295275639233,,-1.65090095470577,0.933513156515112,1.75749927528869,-1.30376775057158,
2003-04-30,95.729,1.4954,1.3773,3.946988,128592.345062744,FALSE,4.56152128285753,0.402393729583678,0.320125060941149,1.37295275639233,11.7644025638409,-1.58707351912431,1.03266804735179,1.84216442504825,-1.30376775057158,-1.79081698130588
2003-05-31,95.5756,1.5148,1.3097,3.946988,,FALSE,4.55991755735508,0.415283417045503,0.26979810335322,1.37295275639233,,-1.63865025527202,1.10442234668905,1.52006799877012,-1.30376775057158,
2003-06-30,95.5776,1.5399,1.3189,3.946988,,TRUE,4.55993848297914,0.43171747925223,0.276798055849702,1.37295275639233,,-1.63797727514606,1.19590746782958,1.56486823687897,-1.30376775057158,
2003-07-31,94.8114,1.5471,1.3601,3.946988,129983.43448714,FALSE,4.5518896551957,0.436382210742886,0.307558226456571,1.37295275639233,11.7751622942962,-1.89683221400596,1.22187509045036,1.76173571107246,-1.30376775057158,-1.70730322066701
2003-08-31,95.0321,1.5404,1.3816,3.946988,,FALSE,4.55421472926381,0.432042122958617,0.323242247850332,1.37295275639233,,-1.82205649238046,1.19771469409127,1.86211466268649,-1.30376775057158,
2003-09-30,95.1697,1.5469,1.3788,3.946988,,TRUE,4.55566161382542,0.436252928260482,0.321213555660573,1.37295275639233,,-1.77552385125431,1.22115540085595,1.84913087555416,-1.30376775057158,
2003-10-31,95.6525,1.5481,1.3224,3.946988,131536.267217368,FALSE,4.56072183250236,0.437028372564283,0.279448267524677,1.37295275639233,11.7870378889049,-1.61278430315127,1.22547214343478,1.58182979685205,-1.30376775057158,-1.61512846129759
2003-11-30,95.5322,1.5587,1.3318,3.946988,,FALSE,4.55946336343159,0.443852140512868,0.286531410694385,1.37295275639233,,-1.65325739353608,1.26345868806132,1.62716246171249,-1.30376775057158,
2003-12-31,95.5508,1.5549,1.2664,3.946988,,TRUE,4.55965804323103,0.441411234881634,0.236178229584665,1.37295275639233,,-1.64699637902084,1.24987065702206,1.30489820286394,-1.30376775057158,
2004-01-31,95.2265,1.5661,1.2417,3.946988,132404.947211202,FALSE,4.55625826440653,0.448588452490251,0.216481408440659,1.37295275639233,11.7936202874305,-1.75633522480484,1.28982478486439,1.17883702206557,-1.30376775057158,-1.56403788266498
2004-02-29,95.2425,1.5731,1.2436,3.946988,,FALSE,4.55642627074916,0.453048194846322,0.218010399202462,1.37295275639233,,-1.7509320440286,1.31465127417473,1.18862268135818,-1.30376775057158,
2004-03-31,95.4465,1.5666,1.2767,3.946988,,TRUE,4.55856588108667,0.448907665951001,0.244278623844168,1.37295275639233,,-1.68212094283441,1.29160178204008,1.356741353483,-1.30376775057158,
2004-04-30,96.2516,1.5547,1.2965,3.946988,133554.129814296,FALSE,4.56696559640635,0.441282600973558,0.259668325996582,1.37295275639233,11.8022621414168,-1.41198125864456,1.24915457791058,1.45523663915801,-1.30376775057158,-1.49696243609286
2004-05-31,96.474,1.5408,1.2828,3.946988,,FALSE,4.56927354199033,0.432301762061724,0.249045188836863,1.37295275639233,,-1.33775639893733,1.19916005279211,1.38724773859652,-1.30376775057158,
2004-06-30,96.6405,1.5187,1.251,3.946988,,TRUE,4.57099790801418,0.417854705754087,0.223943231484774,1.37295275639233,,-1.28229979411413,1.11873619411357,1.22659326745017,-1.30376775057158,
2004-07-31,95.6291,1.5268,1.2438,3.946988,133392.783935638,FALSE,4.56047716704455,0.423174041888938,0.218171209687652,1.37295275639233,11.8010533175646,-1.62065288523863,1.14834786921632,1.18965188091782,-1.30376775057158,-1.50634495977837
2004-08-31,95.9834,1.5381,1.2629,3.946988,,FALSE,4.56417525984936,0.430547888475628,0.233410663669987,1.37295275639233,,-1.50172008997411,1.18939659105813,1.28718556666794,-1.30376775057158,
2004-09-30,95.989,1.5431,1.2631,3.946988,,TRUE,4.56423360156933,0.433793380095022,0.233569016797792,1.37295275639233,,-1.49984378664615,1.20746359057572,1.28819903895,-1.30376775057158,
2004-10-31,96.8889,1.5427,1.235,3.946988,133697.24084175,FALSE,4.57356496125165,0.433534128035757,0.211070970079941,1.37295275639233,11.8033331259418,-1.19974188298531,1.20602038647015,1.14420979753008,-1.30376775057158,-1.48864977941033
2004-11-30,96.9819,1.5221,1.1732,3.946988,,FALSE,4.57452436315368,0.420090960303484,0.159735058121159,1.37295275639233,,-1.16888696505531,1.13118497371408,0.815655985137127,-1.30376775057158,
2004-12-31,96.8232,1.5359,1.1453,3.946988,,TRUE,4.57288663498789,0.429116528439446,0.135666611421534,1.37295275639233,,-1.22155724644661,1.18142849743292,0.661616062209729,-1.30376775057158,
2005-01-31,96.3739,1.5467,1.1777,3.946988,134792.955205367,FALSE,4.56823541806998,0.436123629061957,0.163563383865366,1.37295275639233,11.8114952150069,-1.37114306233257,1.22043561820625,0.840157566395704,-1.30376775057158,-1.42529812247722
2005-02-28,96.5857,1.5499,1.1907,3.946988,,FALSE,4.57043069713419,0.438190412720868,0.174541369474992,1.37295275639233,,-1.30054162281393,1.23194098742223,0.910417524518855,-1.30376775057158,
2005-03-31,96.822,1.5489,1.1727,3.946988,,TRUE,4.57287424118727,0.437545001571576,0.159308782484882,1.37295275639233,,-1.2219558382153,1.22834811327854,0.812927788050816,-1.30376775057158,
2005-04-30,97.6145,1.5471,1.1949,3.946988,136171.915802736,FALSE,4.58102604795805,0.436382210742886,0.178062499873571,1.37295275639233,11.821673453218,-0.959789035791035,1.22187509045036,0.932953031773789,-1.30376775057158,-1.34629772806997
2005-05-31,97.5176,1.5448,1.2173,3.946988,,FALSE,4.58003287453384,0.434894452132168,0.196635291433414,1.37295275639233,,-0.991730065332023,1.21359303729653,1.05182033617982,-1.30376775057158,
2005-06-30,97.2984,1.5382,1.2643,3.946988,,TRUE,4.57778254506909,0.430612901640816,0.234518609335715,1.37295275639233,,-1.06410195744911,1.18975850628142,1.29427650473662,-1.30376775057158,
2005-07-31,96.7662,1.5581,1.2937,3.946988,137662.391552437,FALSE,4.57229775975353,0.443467130241172,0.257506329941719,1.37295275639233,11.8325595286944,-1.24049581326496,1.26131541326393,1.44139969696491,-1.30376775057158,-1.2618033157418
2005-08-31,96.9056,1.5526,1.2623,3.946988,,FALSE,4.57373730876452,0.439930944989443,0.232935453776679,1.37295275639233,,-1.19419908767315,1.24163018072311,1.28414418654677,-1.30376775057158,
2005-09-30,97.3296,1.5491,1.2638,3.946988,,TRUE,4.57810315670017,0.43767411713018,0.234123055357218,1.37295275639233,,-1.05379090267256,1.2290668736417,1.29174492863943,-1.30376775057158,
2005-10-31,98.1806,1.5489,1.288,3.946988,139079.085632125,FALSE,4.58680863983552,0.437545001571576,0.253090627682162,1.37295275639233,11.8427980116979,-0.773817549362318,1.22834811327854,1.41313886051704,-1.30376775057158,-1.18233531954874
2005-11-30,97.9047,1.5452,1.3098,3.946988,,FALSE,4.58399455655571,0.435153351809989,0.269874453801816,1.37295275639233,,-0.864320088979191,1.21503427976542,1.52055664755431,-1.30376775057158,
2005-12-31,97.7976,1.5478,1.3047,3.946988,,TRUE,4.58290003686236,0.436834567854222,0.265973129289565,1.37295275639233,,-0.899520472926543,1.22439327156765,1.49558786852666,-1.30376775057158,
2006-01-31,97.6179,1.5491,1.2779,3.946988,140748.235280748,FALSE,4.58106087824237,0.43767411713018,0.245218105632521,1.37295275639233,11.8547280079535,-0.95866887377973,1.2290668736417,1.36275410968931,-1.30376775057158,-1.08973831111477
2006-02-28,97.9221,1.5578,1.3041,3.946988,,FALSE,4.58417226461248,0.443274569503711,0.265513147680719,1.37295275639233,,-0.858604895486681,1.26024346634223,1.49264395060545,-1.30376775057158,
2006-03-31,97.8182,1.5688,1.3047,3.946988,,TRUE,4.58311065379695,0.450310995899999,0.265973129289565,1.37295275639233,,-0.892746910963036,1.29941383780385,1.49558786852666,-1.30376775057158,
2006-04-30,98.6484,1.5749,1.2834,3.946988,141852.069578294,FALSE,4.59156201338119,0.454191778198398,0.249512806334278,1.37295275639233,11.8625400300375,-0.62094631746982,1.3210173728412,1.39024052679596,-1.30376775057158,-1.02910376779284
2006-05-31,98.8457,1.5565,1.2188,3.946988,,FALSE,4.59356004841755,0.442439710899526,0.197866768129417,1.37295275639233,,-0.556688359529407,1.25559597629514,1.05970188240948,-1.30376775057158,
2006-06-30,98.8184,1.56,1.2324,3.946988,,TRUE,4.59328382223209,0.444685821261446,0.208963487740376,1.37295275639233,,-0.565571952802235,1.26809962122299,1.13072174733686,-1.30376775057158,
2006-07-31,98.1449,1.5686,1.2363,3.946988,142789.857194211,FALSE,4.58644495808869,0.450183501796429,0.212123048030744,1.37295275639233,11.8691292983133,-0.78551376387611,1.29870410375495,1.15094317789641,-1.30376775057158,-0.977959868244771
2006-08-31,98.3128,1.5775,1.2305,3.946988,,FALSE,4.5881542323078,0.455841315433231,0.207420590848973,1.37295275639233,,-0.730542520188377,1.33020001507878,1.12084708773781,-1.30376775057158,
2006-09-30,98.1023,1.5837,1.2433,3.946988,,TRUE,4.58601081176029,0.459763881515543,0.217769134976755,1.37295275639233,,-0.79947615993146,1.35203615204285,1.18707857162825,-1.30376775057158,
2006-10-31,98.4347,1.5897,1.26,3.946988,144627.707948042,FALSE,4.58939338417096,0.463545319184689,0.231111720963387,1.37295275639233,11.8819181882484,-0.690690682330044,1.37308665549692,1.27247215529749,-1.30376775057158,-0.878696387870978
2006-11-30,98.3919,1.5922,1.2358,3.946988,,FALSE,4.5889584835968,0.465116707672341,0.211718533644742,1.37295275639233,,-0.704677335363541,1.38183425936645,1.14835425449722,-1.30376775057158,
2006-12-31,98.405,1.5966,1.2078,3.946988,,TRUE,4.5890916157754,0.467876368229562,0.188800522891664,1.37295275639233,,-0.700395727795467,1.39719673501052,1.00167721072653,-1.30376775057158,
2007-01-31,97.7176,1.6157,1.2439,3.946988,145371.600419547,FALSE,4.58208168612069,0.479768299300648,0.218251605233782,1.37295275639233,11.8870485046433,-0.925839104272963,1.46339672506459,1.19016641863952,-1.30376775057158,-0.838876429816526
2007-02-28,97.9109,1.6213,1.2402,3.946988,,FALSE,4.58405788143894,0.483228296573886,0.215272656933641,1.37295275639233,,-0.862283524249855,1.48265783444256,1.17110091880543,-1.30376775057158,
2007-03-31,97.9871,1.6126,1.218,3.946988,,TRUE,4.58483583735317,0.477847783268785,0.197210169287705,1.37295275639233,,-0.837264013827659,1.45270559832932,1.05549959897035,-1.30376775057158,
2007-04-30,99.0963,1.6374,1.2116,3.946988,147699.144134931,FALSE,4.59609210461472,0.493109617960211,0.191941800170945,1.37295275639233,11.9029326738847,-0.475255973380509,1.53766516450404,1.02178162859915,-1.30376775057158,-0.715588331337886
2007-05-31,99.3281,1.65,1.221,3.946988,,FALSE,4.59842851188566,0.500775287912489,0.199670195128568,1.37295275639233,,-0.40011576942245,1.58033840836705,1.07124395487562,-1.30376775057158,
2007-06-30,99.4418,1.6542,1.2332,3.946988,,TRUE,4.59957254840629,0.503317508275669,0.209612417029858,1.37295275639233,,-0.363322895780539,1.59449043815529,1.13487494504773,-1.30376775057158,
2007-07-31,98.8518,1.6567,1.2076,3.946988,149000.960752747,FALSE,4.59362175885903,0.504827671962355,0.188634918850547,1.37295275639233,11.9117080329118,-0.554703716176945,1.60289721586372,1.0006173320377,-1.30376775057158,-0.647476659177375
2007-08-31,98.7412,1.6377,1.2027,3.946988,,FALSE,4.5925022858863,0.493292818473685,0.184569029334434,1.37295275639233,,-0.590706611966076,1.53868500494016,0.974595324240122,-1.30376775057158,
2007-09-30,98.8352,1.6475,1.1861,3.946988,,TRUE,4.59345381660649,0.499258987394525,0.170670614053093,1.37295275639233,,-0.560104835778829,1.57189746815236,0.885644390036958,-1.30376775057158,
2007-10-31,99.6792,1.6704,1.1742,3.946988,150270.205768235,FALSE,4.60195702932475,0.513063118706183,0.160587064647948,1.37295275639233,11.9201903243423,-0.286636615620255,1.648742292603,0.821108892894666,-1.30376775057158,-0.581639688712783
2007-11-30,100.1337,1.6485,1.1234,3.946988,,FALSE,4.60650629299945,0.499865783529649,0.116359801116195,1.37295275639233,,-0.140329674776578,1.57527538027361,0.538050980984338,-1.30376775057158,
2007-12-31,100.3771,1.6586,1.1391,3.946988,,TRUE,4.60893409359228,0.505973873034966,0.130238476923729,1.37295275639233,,-0.0622502089301039,1.60927788685427,0.626875581026357,-1.30376775057158,
2008-01-31,100.0885,1.6189,1.1008,3.946988,151709.528470989,FALSE,4.60605479460649,0.481746906265323,0.0960371881969422,1.37295275639233,11.9297229746428,-0.154850123225807,1.47441123234683,0.407984684358149,-1.30376775057158,-0.507650151636387
2008-02-29,100.2261,1.6087,1.0908,3.946988,,FALSE,4.60742863377391,0.475426399414125,0.0869113719892964,1.37295275639233,,-0.11066666406215,1.43922624109648,0.34957875385424,-1.30376775057158,
2008-03-31,100.565,1.5711,1.012,3.946988,,TRUE,4.61080428460519,0.451776010971415,0.0119285708652738,1.37295275639233,,-0.0021037884417261,1.30756928224571,-0.130316980597316,-1.30376775057158,
2008-04-30,101.3596,1.5954,1.0125,3.946988,153455.272271404,FALSE,4.61867458967518,0.467124488494892,0.0124225199985571,1.37295275639233,11.9411644176942,0.251009757097936,1.39301117165169,-0.127155667888998,-1.30376775057158,-0.418845144826383
2008-05-31,102.1644,1.6245,1.0435,3.946988,,FALSE,4.62658328049141,0.485200076127018,0.0425804475351185,1.37295275639233,,0.505357810352208,1.49363433489701,0.0658574040120767,-1.30376775057158,
2008-06-30,102.3372,1.6138,1.0373,3.946988,,TRUE,4.62827324322154,0.478591646432269,0.0366211834556454,1.37295275639233,,0.559707985427844,1.45684653504766,0.0277176523711728,-1.30376775057158,
2008-07-31,101.8912,1.6186,1.0261,3.946988,154270.231485675,FALSE,4.62390557732385,0.481561578079465,0.0257652078860264,1.37295275639233,11.9464610935278,0.419241333720638,1.47337954758619,-0.0417614320465123,-1.30376775057158,-0.377733955323646
2008-08-31,101.6259,1.6204,1.0839,3.946988,,FALSE,4.62129842391732,0.482673032346399,0.0805656478395673,1.37295275639233,,0.335393778051222,1.47956679009346,0.30896562783319,-1.30376775057158,
2008-09-30,101.7283,1.5945,1.1097,3.946988,,TRUE,4.62230553376462,0.466560207467975,0.104089708524381,1.37295275639233,,0.367783010988368,1.38986993259251,0.459521438104259,-1.30376775057158,
2008-10-31,102.2689,1.5202,1.1421,3.946988,149539.743175754,FALSE,4.6276056189177,0.418841905149803,0.132868673074424,1.37295275639233,11.915317477124,0.538236803163608,1.12423173472738,0.64370904009388,-1.30376775057158,-0.619461249197703
2008-11-30,101.5877,1.5152,1.1894,3.946988,,FALSE,4.62092246482354,0.415547443449677,0.173448978290356,1.37295275639233,,0.323302716985828,1.1058921286131,0.90342613633382,-1.30376775057158,
2008-12-31,101.0807,1.5397,1.1463,3.946988,,TRUE,4.61591920770377,0.431587592253736,0.136539364138827,1.37295275639233,,0.162395085379684,1.1951844130156,0.667201747193241,-1.30376775057158,
2009-01-31,100.2277,1.494,1.1287,3.946988,146909.05201575,FALSE,4.60744459755209,0.401457086710626,0.121066527979444,1.37295275639233,11.8975689805205,-0.110153259758089,1.02745394473804,0.568174397435071,-1.30376775057158,-0.757219690564122
2009-02-28,100.4641,1.4905,1.1651,3.946988,,FALSE,4.60980044975269,0.399111634135989,0.152806920243758,1.37295275639233,,-0.0343876956590178,1.01439728167928,0.771315366152281,-1.30376775057158,
2009-03-31,100.1385,1.5068,1.1553,3.946988,,TRUE,4.60655422776025,0.409988196835749,0.144360050506836,1.37295275639233,,-0.13878806525157,1.07494492009413,0.717254745643955,-1.30376775057158,
2009-04-30,101.0213,1.5151,1.1482,3.946988,147728.35930737,FALSE,4.61533138569597,0.415481443383653,0.138195498751399,1.37295275639233,11.903130456232,0.143490390934218,1.10552471951123,0.677801136977794,-1.30376775057158,-0.714053204814586
2009-05-31,101.1824,1.5118,1.1086,3.946988,,FALSE,4.61692482868526,0.413300993875939,0.103097958003567,1.37295275639233,,0.194736435534476,1.09338659536123,0.453174157962092,-1.30376775057158,
2009-06-30,101.364,1.5145,1.081,3.946988,,TRUE,4.61871799853336,0.415085351485155,0.0778865386570712,1.37295275639233,,0.252405810986972,1.10331975552478,0.291819121573931,-1.30376775057158,
2009-07-31,100.6913,1.5202,1.0796,3.946988,149750.631331555,FALSE,4.61205940075887,0.418841905149803,0.0765906021617125,1.37295275639233,11.9167267318724,0.0382614701978305,1.12423173472738,0.283525027636121,-1.30376775057158,-0.608523041756478
2009-08-31,100.8027,1.524,1.0689,3.946988,,FALSE,4.61316514099282,0.421338457264455,0.066630082297763,1.37295275639233,,0.0738227131958032,1.13812953855515,0.219776929085853,-1.30376775057158,
2009-09-30,100.7899,1.5148,1.0406,3.946988,,TRUE,4.61303815220437,0.415283417045503,0.0397974698740661,1.37295275639233,,0.0697386805944895,1.10442234668905,0.0480461314456647,-1.30376775057158,
2009-10-31,101.4163,1.514,1.0216,3.946988,150596.300969611,FALSE,4.61923382774517,0.414755155015257,0.0213700257361925,1.37295275639233,11.9223580320915,0.268995175634538,1.1014816181447,-0.0698909382029202,-1.30376775057158,-0.564814599380359
2009-11-30,101.612,1.5104,1.0123,3.946988,,FALSE,4.62116163840614,0.412374516409099,0.0122249696225689,1.37295275639233,,0.330994677202402,1.08822908152067,-0.128420005595177,-1.30376775057158,
2009-12-31,101.3665,1.5025,1.0283,3.946988,,TRUE,4.61874266181787,0.407130387427226,0.0279069532530079,1.37295275639233,,0.253198996426568,1.05903606952228,-0.0280540958242263,-1.30376775057158,
2010-01-31,101.2538,1.4767,1.0337,4.322899,152101.242823462,FALSE,4.61763023614658,0.389809868497591,0.0331445985923021,1.46392624200752,11.9323016493084,0.217422745912153,0.962616221978695,0.00546723999170255,-0.0135181263880144,-0.487635261887851
2010-02-28,101.4012,1.4673,1.0715,4.322899,,FALSE,4.61908492540658,0.383423977231284,0.0690595359314946,1.46392624200752,,0.264206390635345,0.927067248831374,0.23532562049773,-0.0135181263880144,
2010-03-31,101.5402,1.4484,1.0668,4.322899,,TRUE,4.62045477918444,0.370459498909349,0.0646635133257221,1.46392624200752,,0.308261677374402,0.854896603808471,0.207190735358224,-0.0135181263880144,
2010-04-30,102.408,1.4339,1.0684,4.322899,153186.976853218,FALSE,4.62896483455381,0.360398004738856,0.0661622022536688,1.46392624200752,11.9394145251898,0.581949961135069,0.798886288071351,0.21678246056734,-0.0135181263880144,-0.432427279097245
2010-05-31,102.3022,1.4199,1.1284,4.322899,,FALSE,4.62793117810269,0.350586446598175,0.120800700145704,1.46392624200752,,0.548706974124259,0.744267315976297,0.566473078711341,-0.0135181263880144,
2010-06-30,101.8569,1.3774,1.1282,4.322899,,TRUE,4.62356888706442,0.320197664128461,0.120623442323739,1.46392624200752,,0.40841318099267,0.575099071960706,0.565338614922522,-0.0135181263880144,
2010-07-31,101.1126,1.3471,1.0549,4.322899,153872.222670891,FALSE,4.61623474734099,0.297954133722385,0.053445975705626,1.46392624200752,11.9438778140689,0.172543021911184,0.451273809028459,0.135397625815277,-0.0135181263880144,-0.397784586079813
2010-08-31,101.0986,1.3428,1.0398,4.322899,,FALSE,4.61609627825498,0.294756986123743,0.0390283869674784,1.46392624200752,,0.168089776325959,0.433475930957496,0.0431239412796751,-0.0135181263880144,
2010-09-30,101.0752,1.3085,1.0023,4.322899,,TRUE,4.61586479425354,0.268881442988064,0.00229735904868346,1.46392624200752,,0.160645117470006,0.289431983175941,-0.191957482140281,-0.0135181263880144,
2010-10-31,101.613,1.3461,0.9685,4.322899,155121.607067633,FALSE,4.62117147971503,0.29721152266791,-0.0320067961350865,1.46392624200752,11.9519646500204,0.331311179366519,0.447139842549306,-0.411506732099967,-0.0135181263880144,-0.335017020964351
2010-11-30,101.857,1.3445,0.9831,4.322899,,FALSE,4.62356986883346,0.296022196726782,-0.0170444346092585,1.46392624200752,,0.408444755250624,0.440519104083613,-0.315746459531722,-0.0135181263880144,
2010-12-31,101.8931,1.2806,0.9683,4.322899,,TRUE,4.62392422449147,0.247328718102565,-0.0322133223646516,1.46392624200752,,0.419841037374857,0.16945229572829,-0.412828515964199,-0.0135181263880144,
2011-01-31,101.5358,1.2779,0.9569,4.322899,155886.203965137,FALSE,4.62041144565412,0.245218105632521,-0.0440563861969199,1.46392624200752,11.956881558283,0.306868046072929,0.157702940330106,-0.488625041710718,-0.0135181263880144,-0.296853472031847
2011-02-28,101.9185,1.2966,0.9499,4.322899,,FALSE,4.62417347429012,0.259745453758758,-0.0513985630860003,1.46392624200752,,0.427857054505169,0.238573767424546,-0.535615542436752,-0.0135181263880144,
2011-03-31,102.5599,1.2879,0.9197,4.322899,,TRUE,4.63044701813288,0.253012984916488,-0.0837077490734852,1.46392624200752,,0.629617839000486,0.201095466572195,-0.74239683503411,-0.0135181263880144,
2011-04-30,102.6731,1.2978,0.8987,4.322899,156811.299395971,FALSE,4.63155015467993,0.260670523204931,-0.106806004317809,1.46392624200752,11.9627984467764,0.665095345927184,0.243723443097057,-0.890227457508324,-0.0135181263880144,-0.250928380189502
2011-05-31,102.6798,1.254,0.8735,4.322899,,FALSE,4.63161540820206,0.226338442210729,-0.135247149408026,1.46392624200752,,0.667193936794823,0.0526036487789256,-1.07225298879166,-0.0135181263880144,
2011-06-30,102.4316,1.2093,0.8403,4.322899,,TRUE,4.62919525875015,0.190041679809093,-0.173996308047964,1.46392624200752,,0.589360536048665,-0.149453132043254,-1.32025060512685,-0.0135181263880144,
2011-07-31,101.5899,1.1778,0.8244,4.322899,156323.968023051,FALSE,4.62094412075412,0.163648291528333,-0.193099429965833,1.46392624200752,11.9596858509299,0.323999184190247,-0.296379819663186,-1.4425120648972,-0.0135181263880144,-0.275087404020418
2011-08-31,101.2929,1.1205,0.7812,4.322899,,FALSE,4.61801631995329,0.113775014258845,-0.246924079979613,1.46392624200752,,0.229839423578553,-0.574014329943105,-1.78699399358959,-0.0135181263880144,
2011-09-30,101.5661,1.201,0.8723,4.322899,,TRUE,4.6207098180497,0.183154543097847,-0.136621877542964,1.46392624200752,,0.316463874222445,-0.187792437834724,-1.08105135532502,-0.0135181263880144,
2011-10-31,101.4987,1.2298,0.8975,4.322899,156398.176808092,FALSE,4.62004599051805,0.206851554537232,-0.108142158619703,1.46392624200752,11.9601604497881,0.295114798339155,-0.0558759381324585,-0.898778948522742,-0.0135181263880144,-0.27140371179346
2011-11-30,101.3215,1.2315,0.9082,4.322899,,FALSE,4.61829862960344,0.208232938578456,-0.0962906603182863,1.46392624200752,,0.238918664580616,-0.0481860508262525,-0.822928441520441,-0.0135181263880144,
2011-12-31,101.1649,1.2276,0.9316,4.322899,,TRUE,4.61675185874651,0.205061043763444,-0.0708517409719511,1.46392624200752,,0.189173622647383,-0.0658433517264259,-0.66011738751392,-0.0135181263880144,
2012-01-31,100.7342,1.2111,0.9378,4.322899,157196.363949988,FALSE,4.61248536470731,0.191529037544868,-0.0642185723266512,1.46392624200752,11.9652510286206,0.0519607161995682,-0.141173310479661,-0.617664594459255,-0.0135181263880144,-0.231892184632649
2012-02-29,101.018,1.2072,0.9119,4.322899,,FALSE,4.61529871878413,0.188303628471502,-0.0922249440425172,1.46392624200752,,0.142439804228451,-0.159128514499994,-0.796907542474476,-0.0135181263880144,
2012-03-31,101.5812,1.2063,0.9133,4.322899,,TRUE,4.62085847865241,0.187557823589201,-0.0906908652845038,1.46392624200752,,0.321244884856454,-0.163280260376713,-0.787089319612066,-0.0135181263880144,
2012-04-30,101.6571,1.2022,0.9136,4.322899,157673.230000954,FALSE,4.62160538515112,0.184153211622925,-0.0903624400803913,1.46392624200752,11.9682800058526,0.345265828186344,-0.182233050882994,-0.784987372869916,-0.0135181263880144,-0.20838218309666
2012-05-31,101.639,1.2012,0.9377,4.322899,,FALSE,4.62142731975736,0.183321057127038,-0.0643252105565576,1.46392624200752,,0.339539142530491,-0.186865487702701,-0.618347087389559,-0.0135181263880144,
2012-06-30,101.3523,1.201,0.9584,4.322899,,TRUE,4.61860256627643,0.183154543097847,-0.0424900516209521,1.46392624200752,,0.248693443097547,-0.187792437834724,-0.478600379115256,-0.0135181263880144,
2012-07-31,100.8645,1.201,0.9766,4.322899,159035.113781434,FALSE,4.61377803195312,0.183154543097847,-0.0236781273545771,1.46392624200752,11.9768802982132,0.0935336395971455,-0.187792437834724,-0.358202606867097,-0.0135181263880144,-0.14162932524298
2012-08-31,100.834,1.2011,0.9685,4.322899,,FALSE,4.61347560035118,0.183237803578308,-0.0320067961350865,1.46392624200752,,0.0838072650321325,-0.187328943474938,-0.411506732099967,-0.0135181263880144,
2012-09-30,101.1483,1.2089,0.9405,4.322899,,TRUE,4.61658775674983,0.189710855225809,-0.061343630241052,1.46392624200752,,0.183896007886554,-0.151294766004307,-0.599264742453295,-0.0135181263880144,
2012-10-31,101.2732,1.2098,0.9328,4.322899,158890.224982786,FALSE,4.61782181554152,0.190455056690677,-0.0695644633859092,1.46392624200752,11.9759688338471,0.223584049632135,-0.147151946030162,-0.651878711266352,-0.0135181263880144,-0.148703834889469
2012-11-30,100.9411,1.2052,0.9392,4.322899,,FALSE,4.61453717841565,0.186645528274009,-0.062726829908305,1.46392624200752,,0.117948227215312,-0.168358825029589,-0.608117327449575,-0.0135181263880144,
2012-12-31,100.7254,1.2091,0.9216,4.322899,,TRUE,4.61239800227826,0.189876281198064,-0.0816439890405103,1.46392624200752,,0.0491510901473765,-0.150373872866557,-0.729188610989264,-0.0135181263880144,
2013-01-31,100.4625,1.228,0.9241,4.322899,159483.528620947,FALSE,4.60978452353884,0.205386829724951,-0.0789349880881423,1.46392624200752,11.9796959270403,-0.0348998918724018,-0.0640297667600676,-0.71185079508777,-0.0135181263880144,-0.119775269243122
2013-02-28,100.7593,1.2298,0.9202,4.322899,,FALSE,4.61273450425901,0.206851554537232,-0.0831642412607688,1.46392624200752,,0.0599731877242702,-0.0558759381324585,-0.738918342939206,-0.0135181263880144,
2013-03-31,100.9782,1.2264,0.946,4.322899,,TRUE,4.61490465195995,0.204083048575467,-0.0555127099302588,1.46392624200752,,0.129766388120667,-0.0712876543657508,-0.561946400871894,-0.0135181263880144,
2013-04-30,101.0122,1.2198,0.9377,4.322899,160672.664126569,FALSE,4.61524130162569,0.198686910880219,-0.0643252105565576,1.46392624200752,11.9871244322565,0.140593235332029,-0.101326868318507,-0.618347087389559,-0.0135181263880144,-0.0621174673944466
2013-05-31,101.1233,1.2406,0.955,4.322899,,FALSE,4.61634056435972,0.21559513355688,-0.0460439385014069,1.46392624200752,,0.175946158200453,-0.00720219114573732,-0.501345530391116,-0.0135181263880144,
2013-06-30,101.2226,1.2326,0.9343,4.322899,,TRUE,4.61732205207923,0.209125759546006,-0.0679576931832271,1.46392624200752,,0.207511368745526,-0.043215895952451,-0.641595257528266,-0.0135181263880144,
2013-07-31,100.8617,1.2364,0.9452,4.322899,161781.860024962,FALSE,4.61375027155313,0.212203931275824,-0.0563587336693842,1.46392624200752,11.994004163755,0.0926408491392883,-0.0260803326296757,-0.567361018325028,-0.0135181263880144,-0.00871908051048865
2013-08-31,100.7891,1.2334,0.9264,4.322899,,FALSE,4.61303021486963,0.209774583575255,-0.0764491721634063,1.46392624200752,,0.0694834113360675,-0.0396040229920027,-0.695941380648325,-0.0135181263880144,
2013-09-30,101.0923,1.2338,0.9244,4.322899,,TRUE,4.61603396091031,0.210098837793401,-0.0786104005819114,1.46392624200752,,0.166085614617183,-0.0377989649330614,-0.709773409909283,-0.0135181263880144,
2013-10-31,101.0147,1.2314,0.9027,4.322899,162197.477207246,FALSE,4.61526605080513,0.208151733494973,-0.102365006678028,1.46392624200752,11.9965698669497,0.141389183202157,-0.0486381032041859,-0.86180472866794,-0.0135181263880144,0.0111951286198984
2013-11-30,101.0217,1.2319,0.9128,4.322899,,FALSE,4.61533534524913,0.208557692985791,-0.0912384804342712,1.46392624200752,,0.143617732445289,-0.0463782083146262,-0.790594098982202,-0.0135181263880144,
2013-12-31,100.793,1.2249,0.8942,4.322899,,TRUE,4.61306890878145,0.202859208011503,-0.111825815182257,1.46392624200752,,0.0707278298335986,-0.0781005287995078,-0.922354635814419,-0.0135181263880144,
2014-01-31,100.5172,1.2312,0.9035,4.493249,163008.99034083,FALSE,4.61032885713423,0.207989303542532,-0.101479168949854,1.50257604809393,12.0015606337331,-0.0173938098260388,-0.0495423181018127,-0.856135298601386,0.53464046554154,0.0499319449636739
2014-02-28,100.6171,1.2213,0.8942,4.493249,,FALSE,4.61132222333994,0.199915865194906,-0.111825815182257,1.50257604809393,,0.0145534196792058,-0.0944855266623161,-0.922354635814419,0.53464046554154,
2014-03-31,100.9811,1.2178,0.8811,4.493249,,TRUE,4.61493337061763,0.197045952192337,-0.126584152109453,1.50257604809393,,0.130689996697711,-0.110461755509457,-1.01680913515015,0.53464046554154,
2014-04-30,101.0506,1.2191,0.8826,4.493249,164422.618060176,FALSE,4.61562138148663,0.198112881588964,-0.12488318214669,1.50257604809393,12.0101953315825,0.152816822643373,-0.104522374005908,-1.00592279565198,0.53464046554154,0.116951847774236
2014-05-31,101.3465,1.2204,0.888,4.493249,,FALSE,4.61854533850792,0.199178673860377,-0.118783535989967,1.50257604809393,,0.246852965090461,-0.0985893226498639,-0.966884587844382,0.53464046554154,
2014-06-30,101.2729,1.2181,0.896,4.493249,,TRUE,4.61781885325293,0.197292267723776,-0.109814866007207,1.50257604809393,,0.223488780724511,-0.109090566454124,-0.909484405350378,0.53464046554154,
2014-07-31,100.8938,1.215,0.8969,4.493249,165367.426597775,FALSE,4.61406847849442,0.194744076792512,-0.10881090585818,1.50257604809393,12.0159251050415,0.10287456770631,-0.123275833194838,-0.903058982642037,0.53464046554154,0.161424609536888
2014-08-31,100.8613,1.2119,0.9098,4.493249,,FALSE,4.6137463057188,0.192189375992305,-0.0945304838462333,1.50257604809393,,0.0925133056220768,-0.137497339067506,-0.811663175777393,0.53464046554154,
2014-09-30,101.0037,1.2077,0.9354,4.493249,,TRUE,4.61515714983363,0.188717724299193,-0.0667810336903512,1.50257604809393,,0.137886865215136,-0.156823326258432,-0.634064545644095,0.53464046554154,
2014-10-31,101.0019,1.2078,0.9526,4.493249,166472.91529536,FALSE,4.61513932854551,0.188800522891664,-0.048560190615377,1.50257604809393,12.0225879042716,0.137313722321323,-0.156362403136248,-0.517449738798877,0.53464046554154,0.213139234024558
2014-11-30,100.9625,1.2026,0.9646,4.493249,,FALSE,4.61474916076841,0.184485879623331,-0.0360417713472655,1.50257604809393,,0.12476570181427,-0.180381154989335,-0.437330885958126,0.53464046554154,
2014-12-31,100.4619,1.2024,0.9759,4.493249,,TRUE,4.60977855114325,0.184319559456628,-0.0243951568347216,1.50257604809393,,-0.0350919675554838,-0.181307025927852,-0.362791651072424,0.53464046554154,
2015-01-31,100.0294,1.0983,0.9422,4.493249,166122.077494335,FALSE,4.60546414277856,0.0937635298121632,-0.0595377127161963,1.50257604809393,12.0204782036521,-0.173845826316981,-0.685414241649481,-0.587706730429763,0.53464046554154,0.19676437841999
2015-02-28,99.7723,1.0623,0.9353,4.493249,,FALSE,4.60289058968165,0.0604363688038307,-0.0668879455416317,1.50257604809393,,-0.256612776670235,-0.870939848390169,-0.634748789772385,0.53464046554154,
2015-03-31,100.0978,1.0609,0.9798,4.493249,,TRUE,4.60614770805768,0.0591176044830888,-0.0204068097776626,1.50257604809393,,-0.1518619731034,-0.878281144298706,-0.337265921018284,0.53464046554154,
2015-04-30,99.9161,1.0382,0.9621,4.493249,167134.540183862,FALSE,4.60433083383061,0.0374884444109916,-0.0386368836149182,1.50257604809393,12.0265543968968,-0.210293695040941,-0.998686331067059,-0.453939805457006,0.53464046554154,0.243925945370218
2015-05-31,100.1488,1.0398,0.9316,4.493249,,FALSE,4.60665708001308,0.0390283869674784,-0.0708517409719511,1.50257604809393,,-0.135480277542096,-0.99011378037585,-0.66011738751392,0.53464046554154,
2015-06-30,100.2224,1.0448,0.9319,4.493249,,TRUE,4.60739171656075,0.0438254795400295,-0.0705297661905273,1.50257604809393,,-0.111853942907093,-0.963409330216076,-0.658056723976549,0.53464046554154,
2015-07-31,99.6065,1.0488,0.953,4.493249,168034.171764592,FALSE,4.60122742350532,0.047646653467353,-0.048140375327935,1.50257604809393,12.0319226410624,-0.310101159136763,-0.942137622999516,-0.514762888445451,0.53464046554154,0.285592626534366
2015-08-31,99.4468,1.0782,0.9681,4.493249,,FALSE,4.59962282780894,0.0752929840354314,-0.0324198912561113,1.50257604809393,,-0.361705881222723,-0.788236057501214,-0.414150572867861,0.53464046554154,
2015-09-30,99.5455,1.0918,0.9716,4.493249,,TRUE,4.60061482607313,0.0878277103655203,-0.0288110818541196,1.50257604809393,,-0.329802645504934,-0.718457755438918,-0.391053913200533,0.53464046554154,
2015-10-31,99.6284,1.0879,0.9681,4.493249,168823.729434358,FALSE,4.60144726450796,0.0842492324449,-0.0324198912561113,1.50257604809393,12.0366104284817,-0.303030945830227,-0.738378422766844,-0.414150572867861,0.53464046554154,0.321977809052417
2015-11-30,99.5566,1.083,1.0087,4.493249,,FALSE,4.60072632665511,0.0797349680188535,0.00866237307865259,1.50257604809393,,-0.326216722547286,-0.76350842548207,-0.151220899391735,0.53464046554154,
2015-12-31,99.1475,1.083,0.9958,4.493249,,TRUE,4.59660864032618,0.0797349680188535,-0.00420884477405468,1.50257604809393,,-0.458643887296894,-0.76350842548207,-0.233597690497397,0.53464046554154,
2016-01-31,98.7623,1.0932,1.0054,4.493249,169438.329724049,FALSE,4.59271595298668,0.0891091750717759,0.00538547227633789,1.50257604809393,12.0402443031618,-0.583834954913114,-0.71132409898719,-0.172193318315518,0.53464046554154,0.350182840905889
2016-02-29,98.9457,1.1018,0.993,4.493249,,FALSE,4.59457121481327,0.096945206056479,-0.00702461493696447,1.50257604809393,,-0.524168665658178,-0.667702489498389,-0.251618837615405,0.53464046554154,
2016-03-31,99.2362,1.0921,0.9833,4.493249,,TRUE,4.59750286707879,0.0881024482215457,-0.0168410171960266,1.50257604809393,,-0.429885039722875,-0.716928345015359,-0.314444572332793,0.53464046554154,
2016-04-30,99.5645,1.0931,0.964,4.493249,170638.468741822,FALSE,4.600805675353,0.0890176963176527,-0.0366639843715915,1.50257604809393,12.047302379487,-0.323664822706137,-0.711833342824622,-0.441313097502882,0.53464046554154,0.404965486180958
2016-05-31,99.7082,1.1054,0.9772,4.493249,,FALSE,4.60224792032594,0.100207260417025,-0.0230639395985517,1.50257604809393,,-0.277281393424945,-0.649543288529841,-0.354271757661004,0.53464046554154,
2016-06-30,99.8475,1.0901,0.97,4.493249,,TRUE,4.60364402199205,0.0862694351521759,-0.0304592074847086,1.50257604809393,,-0.232381959476735,-0.727132360346081,-0.401602044880113,0.53464046554154,
2016-07-31,99.4044,1.0867,0.9821,4.493249,171852.172070297,FALSE,4.5991963782764,0.0831455810866689,-0.0180621428184085,1.50257604809393,12.0543899215365,-0.375420743888802,-0.744522228049713,-0.322259870889609,0.53464046554154,0.459976835461439
2016-08-31,99.3045,1.0876,0.9703,4.493249,,FALSE,4.59819088724488,0.0839734337761785,-0.0301499769508832,1.50257604809393,,-0.407757914777721,-0.739913738521463,-0.399622945514386,0.53464046554154,
2016-09-30,99.3649,1.0922,0.9743,4.493249,,TRUE,4.59879893258916,0.0881940107359163,-0.0260360145508414,1.50257604809393,,-0.388202826179262,-0.716418634901465,-0.373293267536516,0.53464046554154,
2016-10-31,99.4164,1.0883,0.9867,4.493249,172048.138215812,FALSE,4.59931708999282,0.084616845719879,-0.0133892371190161,1.50257604809393,12.0555295899861,-0.371538585540295,-0.736331993553466,-0.292352912506931,0.53464046554154,0.468822595911069
2016-11-30,99.2198,1.0759,0.9958,4.493249,,FALSE,4.59733759114824,0.0731575206177265,-0.00420884477405468,1.50257604809393,,-0.435200408873588,-0.800123753130109,-0.233597690497397,0.53464046554154,
2016-12-31,99.1409,1.0754,1.0193,4.493249,,TRUE,4.59654207062264,0.0726926853934406,0.0191161171922301,1.50257604809393,,-0.460784807317201,-0.802711397394154,-0.0843161274446828,0.53464046554154,
2017-01-31,99.107,1.0713,1.0086,4.6361,172068.322279166,FALSE,4.59620007456285,0.0688728642863753,0.00856323066048781,1.53387349556411,12.0556468994769,-0.471783597641491,-0.823975573732245,-0.151855418546359,0.978522763369703,0.469733116557983
2017-02-28,99.5849,1.0659,1.0017,4.6361,,FALSE,4.60101054667143,0.0638195127129541,0.00169855663558151,1.53387349556411,,-0.317076043068473,-0.852106566243086,-0.195789863960102,0.978522763369703,
2017-03-31,99.7997,1.0706,1.0021,4.6361,,TRUE,4.60316517730088,0.0682192389771439,0.00209779808214612,1.53387349556411,,-0.247781880631835,-0.827614174453318,-0.193234687781691,0.978522763369703,
2017-04-30,100.0004,1.0723,1.0008,4.6361,172555.133080214,FALSE,4.60517418598009,0.0698058742439629,0.000799680170564244,1.53387349556411,12.0584720764477,-0.183171004014786,-0.818781694828691,-0.201542742952275,0.978522763369703,0.491661282350198
2017-05-31,100.1862,1.0897,0.9867,4.6361,,FALSE,4.60703045461497,0.0859024290007033,-0.0133892371190161,1.53387349556411,,-0.123472335225053,-0.729175409824927,-0.292352912506931,0.978522763369703,
2017-06-30,100.0444,1.0875,0.9682,4.6361,,TRUE,4.60561408744926,0.083881483980702,-0.0323166014765431,1.53387349556411,,-0.169023519316491,-0.740425604551432,-0.413489510279052,0.978522763369703,
2017-07-31,99.7317,1.1054,0.9607,4.6361,173441.786714502,FALSE,4.60248358029276,0.100207260417025,-0.0400930935664442,1.53387349556411,12.0635972988092,-0.26970243311602,-0.649543288529841,-0.463259661927124,0.978522763369703,0.53144170206372
2017-08-31,99.764,1.1396,0.9648,4.6361,,FALSE,4.6028073967989,0.130677323641616,-0.0358344530092161,1.53387349556411,,-0.259288307711092,-0.479922570888877,-0.436004032538247,0.978522763369703,
2017-09-30,100.0128,1.1468,0.9622,4.6361,,TRUE,4.60529817779679,0.136975455027078,-0.0385329497167837,1.53387349556411,,-0.179183355751687,-0.444862139358925,-0.453274620459487,0.978522763369703,
2017-10-31,100.0735,1.1542,0.9817,4.6361,175233.104298712,FALSE,4.60590491600787,0.143407463294729,-0.0184695162836613,1.53387349556411,12.073872391112,-0.159670305310072,-0.409056442134408,-0.324867092617432,0.978522763369703,0.611193848521854
2017-11-30,100.0008,1.1643,0.9919,4.6361,,FALSE,4.60517818595609,0.152120048060833,-0.00813298323018899,1.53387349556411,,-0.183042362482027,-0.360555233927473,-0.258712480532799,0.978522763369703,
2017-12-31,99.9723,1.169,0.9869,4.6361,,TRUE,4.60489314761651,0.156148682489931,-0.0131865618041756,1.53387349556411,,-0.192209359708411,-0.338128635796057,-0.291055774795181,0.978522763369703,
2018-01-31,99.8406,1.1725,0.9616,4.6361,177002.487450844,FALSE,4.60357491421844,0.159138221338297,-0.0391567152011939,1.53387349556411,12.0839190648518,-0.23460450529228,-0.321486473909561,-0.457266767869017,0.978522763369703,0.689173079452211
2018-02-28,100.2103,1.1544,0.9341,4.6361,,FALSE,4.60727097777896,0.143580728477524,-0.068171780103334,1.53387349556411,,-0.115736971693363,-0.408091909687222,-0.642965430397525,0.978522763369703,
2018-03-31,100.5935,1.1682,0.9471,4.6361,,TRUE,4.61108764325213,0.155464102624072,-0.0543505947500813,1.53387349556411,,0.0070091889015375,-0.341939554312167,-0.554508773715419,0.978522763369703,
2018-04-30,100.8036,1.18815,0.96756,4.6361,179050.641041071,FALSE,4.61317406928524,0.172397475596261,-0.0329778404972061,1.53387349556411,12.0954239556551,0.074109852224053,-0.247674870499275,-0.417721491222845,0.978522763369703,0.778470548446995
2018-05-31,101.1873,1.17862,0.99689,4.6361,,FALSE,4.61697325490718,0.164344262563292,-0.00311484610018933,1.53387349556411,,0.196293850732225,-0.292505488798267,-0.226596014256797,0.978522763369703,
2018-06-30,101.1915,1.15552,0.98954,4.6361,,TRUE,4.61701476123097,0.144550459106956,-0.0105150902997666,1.53387349556411,,0.197628718019286,-0.402693614184182,-0.273958150267201,0.978522763369703,
2018-07-31,100.9588,1.16196,0.99462,4.6361,178419.788908894,FALSE,4.61471251282686,0.150108234429303,-0.00539452431730747,1.53387349556411,12.0918944173536,0.123587082899143,-0.371754596049722,-0.241186131402563,0.978522763369703,0.751075343882653
2018-08-31,100.9422,1.14049,0.98857,4.6361,,FALSE,4.61454807580042,0.131457994619692,-0.0114958245134845,1.53387349556411,,0.118298693388249,-0.475576732464891,-0.280234925190766,0.978522763369703,
2018-09-30,101.0024,1.12882,0.9679,4.6361,,TRUE,4.61514427893518,0.121172839330052,-0.0326265028270942,1.53387349556411,,0.137472929705277,-0.532832124697537,-0.415472902923776,0.978522763369703,
2018-10-31,101.1808,1.14121,0.99346,4.6361,178656.852061274,FALSE,4.61690901553346,0.132089103024739,-0.00656147950184641,1.53387349556411,12.0932222173831,0.194227875461859,-0.472063478823627,-0.248654734961799,0.978522763369703,0.761381324529824
2018-11-30,100.9228,1.13746,1.00105,4.6361,,FALSE,4.61435586813629,0.128797706389506,0.00104944913557137,1.53387349556411,,0.112117184169124,-0.490386022337705,-0.199944202232156,0.978522763369703,
2018-12-31,100.6637,1.12961,0.99231,4.6361,,TRUE,4.61178525807383,0.121872440408874,-0.00771972051521909,1.53387349556411,,0.0294448834992995,-0.528937586108055,-0.256067567150677,0.978522763369703,
2019-01-31,100.3998,1.12959,0.9892,4.6361,178765.786160149,FALSE,4.60916021522377,0.121854735026437,-0.0108587433348759,1.53387349556411,12.0938317708394,-0.054978006981076,-0.529036148413387,-0.276157556307095,0.978522763369703,0.766112493368991
2019-02-28,100.7902,1.1366,1.00153,4.6361,,FALSE,4.61304112868866,0.128041349880884,0.00152883074249075,1.53387349556411,,0.069834406044024,-0.494596506997329,-0.196876122820791,0.978522763369703,
2019-03-31,101.3269,1.13145,1.00062,4.6361,,TRUE,4.61835192388063,0.123499995985613,0.000619807879405809,1.53387349556411,,0.240632639240757,-0.519877311342883,-0.202693939546414,0.978522763369703,
2019-04-30,101.5174,1.13157,1.00654,4.6361,179933.547725991,FALSE,4.62023021236107,0.123606048959172,0.00651870698711545,1.53387349556411,12.1003428824088,0.301039478950534,-0.519286935755194,-0.164940528399934,0.978522763369703,0.816649764294029
2019-05-31,101.8291,1.13077,1.01077,4.6361,,FALSE,4.62329591788467,0.122898816595031,0.0107124166296457,1.53387349556411,,0.399634334900505,-0.523223956176197,-0.138100461893885,0.978522763369703,
2019-06-30,101.7989,1.1165,0.9889,4.6361,,TRUE,4.62299929855706,0.110198792298076,-0.0111620647061919,1.53387349556411,,0.390094886426819,-0.593922438795977,-0.278098836575109,0.978522763369703,
2019-07-31,101.2735,1.10792,0.98737,4.6361,180768.559441027,FALSE,4.61782477782133,0.102484383552325,-0.012710436442519,1.53387349556411,12.1049728149214,0.223679318257543,-0.63686700172599,-0.288008535605687,0.978522763369703,0.852585894593539
2019-08-31,101.2632,1.08933,0.97886,4.6361,,FALSE,4.61772306785954,0.0855628283494447,-0.0213666497418912,1.53387349556411,,0.22040826728609,-0.731065898392451,-0.343408971126903,0.978522763369703,
2019-09-30,101.1522,1.09055,0.9905,4.6361,,TRUE,4.61662631325365,0.0866821561357244,-0.00954541284353139,1.53387349556411,,0.185136007263792,-0.72483482558552,-0.267752139447848,0.978522763369703,
2019-10-31,100.9247,1.0979,0.99361,4.6361,181805.691508074,FALSE,4.61437469423025,0.0933992642585498,-0.00641050344133027,1.53387349556411,12.1106937666605,0.112722642197482,-0.687442034770893,-0.247688476481722,0.978522763369703,0.896990184845147
2019-11-30,100.7904,1.09778,0.99306,4.6361,,FALSE,4.6130431130066,0.0932899587130061,-0.00696419380163289,1.53387349556411,,0.0698982228520768,-0.688050516773066,-0.251232137669795,0.978522763369703,
2019-12-31,100.8205,1.09305,0.98355,4.6361,,TRUE,4.61334170797565,0.0889719538022639,-0.0165868036043989,1.53387349556411,,0.0795012090929351,-0.712087982213775,-0.312817585658076,0.978522763369703,
2020-01-31,100.6029,1.07638,0.97017,4.597259,179203.555151864,FALSE,4.61118108428792,0.0736035592446318,-0.030283965108592,1.52546025632901,12.0962776183433,0.0100143064487921,-0.797640745745661,-0.400480480100819,0.859200318067641,0.785096419020566
2020-02-29,100.7274,1.06504,0.97608,4.597259,,FALSE,4.61241785804597,0.0630123571415247,-0.0242107287150583,1.52546025632901,,0.0497896630766622,-0.856599839075,-0.361611296823015,0.859200318067641,
2020-03-31,100.8049,1.05902,0.95701,4.597259,,TRUE,4.6131869655669,0.0573439521822015,-0.0439414382629824,1.52546025632901,,0.0745246040722911,-0.888154710162502,-0.487889366031046,0.859200318067641,
2020-04-30,100.4381,1.05442,0.97097,4.597259,167612.395458293,FALSE,4.60954161734423,0.0529908527197485,-0.029459707151625,1.52546025632901,12.029409422877,-0.0427118950416723,-0.912387539918755,-0.395205165339212,0.859200318067641,0.266085790109497
2020-05-31,100.4803,1.05675,0.97072,4.597259,,FALSE,4.60996168838422,0.0551981604647623,-0.0297172147881493,1.52546025632901,,-0.029202168371041,-0.900099901360082,-0.396853234156384,0.859200318067641,
2020-06-30,100.5012,1.07173,0.95106,4.597259,,TRUE,4.61016966772635,0.0692741652534834,-0.0501781269442808,1.52546025632901,,-0.0225134329004436,-0.821741611907842,-0.527804656609575,0.859200318067641,
2020-07-31,100.3419,1.07056,0.93462,4.597259,179189.260873862,FALSE,4.60858335449573,0.0681818760523697,-0.0676152494155676,1.52546025632901,12.096197849568,-0.0735301803542354,-0.827822166345775,-0.639403590893706,0.859200318067641,0.784477278008018
2020-08-31,100.3861,1.07678,0.91007,4.597259,,FALSE,4.60902375145793,0.0739751061845728,-0.0942337593527464,1.52546025632901,,-0.0593667603144539,-0.795572418610086,-0.809764116038398,0.859200318067641,
2020-09-30,100.3431,1.07837,0.91437,4.597259,,TRUE,4.60859531353601,0.0754506417978524,-0.0895199754386936,1.52546025632901,,-0.0731455707283875,-0.787358408426238,-0.779595533915963,0.859200318067641,
2020-10-31,100.3492,1.07399,0.91277,4.597259,179820.588703487,FALSE,4.60865610311291,0.0713806850563608,-0.091271346881466,1.52546025632901,12.0997149033822,-0.0711905429113233,-0.81001503956517,-0.790804446789685,0.859200318067641,0.811775581772768
2020-11-30,100.1002,1.07798,0.91087,4.597259,,FALSE,4.60617168432118,0.0750889194390029,-0.093355092234148,1.52546025632901,,-0.151090882655253,-0.789372044093568,-0.804140578428476,0.859200318067641,
2020-12-31,100,1.08156,0.88887,4.597259,,TRUE,4.60517018598809,0.0784044433741818,-0.117804285882168,1.52546025632901,,-0.183299646062103,-0.770915188750158,-0.960617311313638,0.859200318067641,
2021-01-31,100.0553,1.07931,0.88663,4.597259,180632.002127838,FALSE,4.60572303313994,0.0763219480707646,-0.120327520113035,1.52546025632901,12.1042171032031,-0.165519763134951,-0.78250802153314,-0.976766205810292,0.859200318067641,0.846720289705403
2021-02-28,100.2198,1.08554,0.89725,4.597259,,FALSE,4.60736577391993,0.0820775590354545,-0.10842074895442,1.52546025632901,,-0.112688273182829,-0.750467692141732,-0.900561948241159,0.859200318067641,
2021-03-31,100.5577,1.10624,0.92945,4.597259,,TRUE,4.61073169210316,0.100966877751123,-0.073162265628984,1.52546025632901,,-0.0044384051310352,-0.645314651510208,-0.674904924264131,0.859200318067641,
2021-04-30,100.7675,1.10326,0.92125,4.597259,185051.334811543,FALSE,4.61281588301364,0.0982694332551511,-0.0820238354785907,1.52546025632901,12.1283885510363,0.0625903753597273,-0.660330782846426,-0.731619657611273,0.859200318067641,1.03433172820928
2021-05-31,101.0339,1.09679,0.90282,4.597259,,FALSE,4.61545610408992,0.0923877317918725,-0.102232080983295,1.52546025632901,,0.147501406340236,-0.693073032699918,-0.860953993926841,0.859200318067641,
2021-06-30,101.1087,1.09398,0.9079,4.597259,,TRUE,4.61619617573651,0.0898224222970311,-0.0966210386044255,1.52546025632901,,0.171302536888012,-0.70735359504332,-0.825042888138824,0.859200318067641,
2021-07-31,101.023,1.0854,0.91801,4.597259,189346.757955839,FALSE,4.61534821368864,0.0819485826471673,-0.0855469951747902,1.52546025632901,12.1513353112179,0.144031588874059,-0.751185677771718,-0.754168152528145,0.859200318067641,1.21243751303392
2021-08-31,101.2711,1.07602,0.91421,4.597259,,FALSE,4.61780107933714,0.0732690489274446,-0.0896949746188316,1.52546025632901,,0.222917161352183,-0.799502897446541,-0.780715542222159,0.859200318067641,
2021-09-30,101.2887,1.08595,0.92233,4.597259,,TRUE,4.61797485518057,0.0824551799361928,-0.0808522018922584,1.52546025632901,,0.228505892597905,-0.748365552487234,-0.724121111918228,0.859200318067641,
2021-10-31,101.5954,1.07137,0.92356,4.597259,190036.939777866,FALSE,4.62099825852886,0.0689382033260081,-0.0795195112313342,1.52546025632901,12.154973752129,0.325740286217579,-0.82361184443143,-0.715591788474267,0.859200318067641,1.2406779865861
2021-11-30,101.6346,1.05217,0.92184,4.597259,,FALSE,4.62138402835109,0.0508546982183111,-0.081383606276378,1.52546025632901,,0.338146865962451,-0.924279082671885,-0.727522141132728,0.859200318067641,
2021-12-31,101.5311,1.04078,0.9209,4.597259,,TRUE,4.62036515549063,0.0399704320438273,-0.0824038262548157,1.52546025632901,,0.305379327744744,-0.984869604782166,-0.734051628008587,0.859200318067641,
2022-01-31,101.705,1.04018,0.91868,4.597259,190228.137558005,FALSE,4.62207646605445,0.0393937751002757,-0.0848174218339228,1.52546025632901,12.1559793548396,0.3604160614515,-0.988079738081755,-0.749498826642696,0.859200318067641,1.2484831694777
2022-02-28,102.3754,1.04611,0.92266,4.597259,,FALSE,4.62864644936951,0.0450785226374413,-0.0804944763723161,1.52546025632901,,0.571710510169846,-0.956433891148181,-0.72183164088552,0.859200318067641,
2022-03-31,102.9572,1.02458,0.92967,4.597259,,TRUE,4.63431336789089,0.0242827725198411,-0.0729255945146644,1.52546025632901,,0.753961874821237,-1.07219965221108,-0.673390210802813,0.859200318067641,
2022-04-30,103.3351,1.02172,0.94391,4.597259,192165.382714426,FALSE,4.63797710543913,0.0214874816414231,-0.0577244563647369,1.52546025632901,12.1661116485494,0.871789785240823,-1.08776047469175,-0.576101749347591,0.859200318067641,1.32712695661727
2022-05-31,104.0068,1.03591,0.98024,4.597259,,FALSE,4.64445628161928,0.0352802674767771,-0.019957839340946,1.52546025632901,,1.08016382418182,-1.01097880822731,-0.334392475451496,0.859200318067641,
2022-06-30,104.5312,1.02495,0.96962,4.597259,,TRUE,4.64948559143663,0.02464383091276,-0.0308510368171157,1.52546025632901,,1.24190932555251,-1.07018971270864,-0.404109782953863,0.859200318067641,
2022-07-31,104.4916,0.98765,0.96954,4.597259,192627.67591098,FALSE,4.64910668539888,-0.0124268950081275,-0.0309335467699256,1.52546025632901,12.1685144643415,1.22972348907116,-1.27655499287969,-0.404637853042066,0.859200318067641,1.34577688318871
2022-08-31,104.7671,0.96899,0.95717,4.597259,,FALSE,4.65173979130249,-0.0315009870620622,-0.0437742648515242,1.52546025632901,,1.31440569199928,-1.38273662954683,-0.486819443250489,0.859200318067641,
2022-09-30,104.5831,0.96419,0.97293,4.597259,,TRUE,4.6499819706997,-0.0364669083566604,-0.0274431418301571,1.52546025632901,,1.25787316864252,-1.41038091526851,-0.382298991103139,0.859200318067641,
2022-10-31,104.6392,0.97899,0.99564,4.597259,192726.133137375,FALSE,4.65051824241972,-0.0212338510083916,-0.00436953251794285,1.52546025632901,12.1690254608659,1.27511997613235,-1.32558154677905,-0.234626104503203,0.859200318067641,1.34974308304849
2022-11-30,104.6432,0.9843,0.96588,4.597259,,FALSE,4.65055646828105,-0.0158245503469715,-0.0347156760884943,1.52546025632901,,1.27634934185658,-1.2954690572393,-0.428843773598744,0.859200318067641,
2022-12-31,104.4149,0.98654,0.93205,4.597259,,TRUE,4.64837238557148,-0.0135514069517284,-0.0703688176668825,1.52546025632901,,1.206107983554,-1.28281492484844,-0.657026640960102,0.859200318067641,
2023-01-31,105.0435,0.99615,0.92411,4.717177,193197.72334978,FALSE,4.65437455007918,-0.0038574303273047,-0.0789241668070107,1.55121052744803,12.1714694167873,1.39914105227799,-1.2288505054211,-0.711781538050443,1.22440867970472,1.36871232681157
2023-02-28,105.8273,0.99045,0.92427,4.717177,,FALSE,4.66180852016561,-0.00959589367344694,-0.078751042232627,1.55121052744803,,1.6382218133511,-1.26079537746663,-0.710673527366259,1.22440867970472,
2023-03-31,105.9896,0.99051,0.92552,4.717177,,TRUE,4.66334097609111,-0.00953531698333882,-0.0773995372615036,1.55121052744803,,1.68750647884187,-1.26045815920841,-0.702023790879895,1.22440867970472,
2023-04-30,105.986,0.98479,0.89768,4.717177,192888.776462024,FALSE,4.66330700991764,-0.0153268585095091,-0.107941621625526,1.55121052744803,12.1698690140079,1.68641410713346,-1.29269850681372,-0.897495496228847,1.22440867970472,1.35629048639452
2023-05-31,106.252,0.97533,0.89699,4.717177,,FALSE,4.66581363115678,-0.0249794037110138,-0.108710565257501,1.55121052744803,,1.76702849037797,-1.34643228583718,-0.90241679502653,1.22440867970472,
2023-06-30,106.3196,0.97602,0.90083,4.717177,,TRUE,4.66644965217067,-0.02427220097572,-0.10443871842125,1.55121052744803,,1.78748329262937,-1.34249543035401,-0.875076644429109,1.22440867970472,
2023-07-31,106.1688,0.9661,0.87398,4.717177,193186.772558475,FALSE,4.66503028033375,-0.0344879304586732,-0.134697786883623,1.55121052744803,12.1714127333985,1.74183547658046,-1.39936434307508,-1.06873702608852,1.22440867970472,1.36827236755927
2023-08-31,106.3955,0.95835,0.87859,4.717177,,FALSE,4.66716328278008,-0.0425422232656751,-0.129436929248914,1.55121052744803,,1.81043406418716,-1.44420097225908,-1.0350671297842,1.22440867970472,
2023-09-30,106.3136,0.95969,0.89823,4.717177,,TRUE,4.66639321695734,-0.0411449633357353,-0.107329118752671,1.55121052744803,,1.78566830365341,-1.43642270707136,-0.893575430405534,1.22440867970472,
2023-10-31,106.4112,0.95518,0.90385,4.717177,193720.290639814,FALSE,4.66731083452566,-0.0458554745864534,-0.101091861561274,1.55121052744803,12.1741705968248,1.81517941333733,-1.46264517641491,-0.853656501318342,1.22440867970472,1.3896780660587
2023-11-30,106.1539,0.96324,0.8918,4.717177,,FALSE,4.66488992793596,-0.0374526770506513,-0.114513386788761,1.55121052744803,,1.73732166260348,-1.41586849145338,-0.939555302242725,1.22440867970472,
2023-12-31,106.2055,0.94415,0.86603,4.717177,,TRUE,4.66537589654404,-0.0574702271545501,-0.143835728987391,1.55121052744803,,1.75295069303097,-1.52730216945432,-1.12722056326674,1.22440867970472,
2024-01-31,106.3866,0.93645,0.85893,4.717177,194412.951404771,FALSE,4.66707962912683,-0.0656591488062742,-0.152067850423154,1.55121052744803,12.1777397912418,1.80774371450158,-1.57288825035716,-1.17990677801585,1.22440867970472,1.41738106934997
2024-02-29,107.0638,0.946,0.87667,4.717177,,FALSE,4.67342491845078,-0.0555127099302588,-0.131624640204296,1.55121052744803,,2.0118118750082,-1.51640506451786,-1.04906864933219,1.22440867970472,
2024-03-31,107.0971,0.96527,0.8879,4.717177,,TRUE,4.67373589958944,-0.035347424031728,-0.118896154943856,1.55121052744803,,2.02181320759952,-1.40414897104236,-0.967605357871368,1.22440867970472,
2024-04-30,107.4357,0.97598,0.90975,4.717177,195611.166942582,FALSE,4.67689252907602,-0.0243131845822832,-0.0945854424898679,1.55121052744803,12.1838841256617,2.12333223058499,-1.34272357785425,-0.812014915353084,1.22440867970472,1.46507152741129
2024-05-31,107.729,0.9828,0.90912,4.717177,,FALSE,4.6796188143976,-0.017349638335113,-0.0952781803163139,1.55121052744803,,2.21101113728046,-1.30395891553423,-0.816448491093404,1.22440867970472,
2024-06-30,107.7316,0.9619,0.89391,4.717177,,TRUE,4.67964294874049,-0.0388447838235672,-0.112150180017242,1.55121052744803,,2.21178731165291,-1.4236180700517,-0.924430595879688,1.22440867970472,
2024-07-31,107.539,0.96782,0.89244,4.717177,196572.424782689,FALSE,4.67785357247276,-0.0327091594097048,-0.113795994478928,1.55121052744803,12.1887862163425,2.15423993993082,-1.38946228216955,-0.934963935899293,1.22440867970472,1.50312006677206
2024-08-31,107.5237,0.94494,0.85732,4.717177,,FALSE,4.67771128838513,-0.0566338455675928,-0.153944034513205,1.55121052744803,,2.14966400169561,-1.52264620126824,-1.19191450149863,1.22440867970472,
2024-09-30,107.2098,0.94101,0.84719,4.717177,,TRUE,4.67478766236879,-0.0608015124606624,-0.165830288352894,1.55121052744803,,2.05563850455821,-1.54584676518176,-1.26798744663761,1.22440867970472,
2024-10-31,107.0741,0.93867,0.86059,4.717177,197105.165609048,FALSE,4.67352111814274,-0.0632912992422554,-0.150137078445288,1.55121052744803,12.1914927008595,2.01490571252707,-1.55970690776019,-1.16754968782334,1.22440867970472,1.52412697777879
2024-11-30,106.9296,0.9354,0.88034,4.717177,,FALSE,4.67217067399658,-0.0667810336903512,-0.127447082492732,1.55121052744803,,1.9714746507262,-1.57913355801357,-1.02233195643525,1.22440867970472,
2024-12-31,106.8708,0.93383,0.89113,4.717177,,TRUE,4.67162062823911,-0.0684608701676088,-0.115264958674968,1.55121052744803,,1.9537848622563,-1.58848487004373,-0.944365420522092,1.22440867970472,
2025-01-31,106.8138,0.94162,0.90933,4.717177,197981.273482646,FALSE,4.6710871316619,-0.0601534828198439,-0.0950472143827623,1.55121052744803,12.1959277268334,1.93662730495813,-1.54223931442204,-0.814970291230855,1.22440867970472,1.55855030270744
2025-02-28,107.4115,0.94114,0.90396,4.717177,,FALSE,4.67666725269259,-0.0606633725672355,-0.100970167356533,1.55121052744803,,2.11608721230074,-1.54507776816048,-0.852877648983049,1.22440867970472,
2025-03-31,107.4637,0.95488,0.88351,4.717177,,TRUE,4.67715311612427,-0.0461696008468505,-0.123852668667313,1.55121052744803,,2.13171286019437,-1.46439385416873,-0.999327429572893,1.22440867970472,
2025-04-30,107.4725,0.93799,0.83684,4.717177,198226.228727653,FALSE,4.67723500088826,-0.0640159910135513,-0.178122385666689,1.55121052744803,12.1971642267727,2.13434632138232,-1.56374112119158,-1.34665782144259,1.22440867970472,1.56814763977733
2025-05-31,107.6215,0.93578,0.82921,4.717177,,FALSE,4.67862044189389,-0.0663748728664605,-0.187281838676541,1.55121052744803,,2.17890290234755,-1.57687254234326,-1.40527903008571,1.22440867970472,
2025-06-30,107.8156,0.93766,0.81376,4.717177,,TRUE,4.68042236043549,-0.0643678690328032,-0.206089796748382,1.55121052744803,,2.23685364082341,-1.56569995539903,-1.52565141838168,1.22440867970472,
2025-07-31,107.7734,0.93245,0.79786,4.717177,197817.78726343,FALSE,4.68003087477955,-0.0699397482046817,-0.22582213551997,1.55121052744803,12.1951016196253,2.2242632365734,-1.59671748682903,-1.65193991474734,1.22440867970472,1.55213830940306
2025-08-31,107.6873,0.93875,0.80649,4.717177,,FALSE,4.67923165706065,-0.0632060759037926,-0.21506378074979,1.55121052744803,,2.19855993426312,-1.55923248656444,-1.58308561100658,1.22440867970472,
2025-09-30,107.4504,0.93483,0.79661,4.717177,,TRUE,4.67702934574329,-0.0673905844061976,-0.227390054961641,1.55121052744803,,2.12773233343171,-1.58252680433204,-1.66197472060605,1.22440867970472,
