date,plkopr,devkum,amarbma,smi_monthly_return,gdp_growth,inflation,exch_rate
1992-02-01,83.3753,1.6052,72462,0.0309751914905134,-3.3621640676874014,3.188408705542736,0.024114295887611402
1992-03-01,83.9703,1.6052,75803,0.0177917046279739,-3.3621640676874014,3.188408705542736,0.024114295887611402
1992-04-01,84.2156,1.6052,79317,0.0165289649406446,-3.3621640676874014,3.188408705542736,0.024114295887611402
1992-05-01,84.35,1.6052,82121,0.0418728736696545,-3.3621640676874014,3.188408705542736,0.024114295887611402
1992-06-01,84.5722,1.6052,84704,-0.0294341268402508,-3.3621640676874014,3.188408705542736,0.024114295887611402
1992-07-01,84.9083,1.6052,90157,-0.0318072048708732,-9.45822863129916,0.1765741236037468,-0.015713046076860346
1992-08-01,84.6528,1.6052,94851,-0.0226451712256597,-6.762686319762808,0.7205647214410071,-0.02845803025844377
1992-09-01,84.8742,1.6052,102081,0.0375398665367155,-3.5697449312497507,2.26616873719367,-0.031954744698281065
1992-10-01,84.9742,1.6052,109073,0.0250752344845309,-2.1092637864827397,3.3677921427425797,-0.03751109223576273
1992-11-01,85.0975,1.6052,120080,0.0168868195502183,-5.469071525818544,3.401882651285455,-0.02767832653529089
1992-12-01,85.9162,1.6052,129643,0.0479896943203828,-7.519381861665308,3.2856881425061726,-0.010593232767420958
1993-01-01,85.8238,1.6052,141514,0.0369461640369289,-1.489442444731141,3.7043517765847898,0.0037827592946627843
1993-02-01,86.2639,1.6052,147469,0.0131760207128153,3.2493674078461825,4.225353185205149,-7.991715384313231e-4
1993-03-01,86.8176,1.6052,151018,0.0178022846696888,5.654956007698544,3.8407092432724443,-0.00770531119830213
1993-04-01,87.28,1.6052,155182,0.006411466549059109,5.4078034001817175,2.7252043206063994,-0.018784596080519248
1993-05-01,87.5452,1.6052,157425,0.0182603922202318,2.693365501591907,1.405472277390982,-0.03210776299983603
1993-06-01,87.5965,1.6052,160435,0.0489857317251401,1.7816476517183861,0.778247384910158,-0.042723899040810684
1993-07-01,87.5741,1.6052,165290,0.0299795389491961,0.8706901625237062,0.46921085391536416,-0.05496139616516743
1993-08-01,87.5199,1.6052,169009,0.0299997474155165,0.9835079006398106,1.100087832252001,-0.05427064963000066
1993-09-01,87.9514,1.6052,172069,-0.0138193210317019,-0.800035583019497,0.7704869630350758,-0.05979862344254991
1993-10-01,87.8974,1.6052,173528,0.0800155798136772,1.7621200078170982,1.2362677281308725,-0.0534948331707344
1993-11-01,87.9629,1.6052,180293,0.0404528149306103,2.884552211966893,0.3564723653205858,-0.06781252943006996
1993-12-01,87.8444,1.6052,184388,0.0593454332451937,4.464159949787357,-0.128919581462869,-0.07829177458587942
1994-01-01,87.9542,1.6052,188167,0.0553473781204605,4.321207180876787,-0.5855968571366972,-0.08496906344734453
1994-02-01,88.0571,1.6052,187382,-0.0013075492914607094,-0.18215878526887772,-0.6774409245327786,-0.08041887376900274
1994-03-01,88.4145,1.6052,182135,-0.0618183990964851,-6.745502276151478,-1.6425992487912655,-0.07874616128460754
1994-04-01,88.416,1.6052,177500,-0.00844270067213271,-7.6464002043043005,-1.727833253129056,-0.06800223853209202
1994-05-01,88.4621,1.6052,173017,-0.0454118346006793,-2.1252475939017494,-1.3306406334200325,-0.07709345355872632
1994-06-01,87.913,1.6052,168225,-0.007725326066916449,4.766367439129678,0.16416567195844087,-0.08161102855407916
1994-07-01,88.0514,1.6052,165793,-0.0421318224902445,3.3486514275132526,0.9651222502702844,-0.0915172712892783
1994-08-01,88.0362,1.6052,164187,0.0106340617062852,2.147781721077368,0.802622524459121,-0.08530317834415319
1994-09-01,88.3818,1.6052,160908,0.0113860925466054,1.3630399606181172,0.3312725798717292,-0.07977184236702733
1994-10-01,88.4176,1.6052,159043,-0.0367549491300845,1.7692570665631753,-0.7516510170439649,-0.08304690313904246
1994-11-01,88.3448,1.6052,161715,0.0195381416390452,1.5491046986414343,0.5938679501934605,-0.0826894811538668
1994-12-01,88.3386,1.6052,164378,0.0131206760634761,0.7283729745976596,2.359759035349208,-0.0850558557042123
1995-01-01,88.3237,1.6052,167815,-0.00974992092122617,-2.975835027796614,3.9570860451880168,-0.09053409910966571
1995-02-01,88.9507,1.6052,165351,0.0126084720403523,-5.1641674965339615,3.608990694910582,-0.10132840990259569
1995-03-01,89.7438,1.6052,160774,-0.0380390478502843,-5.792639226232186,1.506920181475194,-0.12087957232715178
1995-04-01,89.7988,1.6052,156684,0.0158288535109776,-0.9435121677244717,0.0725540784672175,-0.13301386913088017
1995-05-01,89.8744,1.6052,151959,0.0619125985222204,4.046473613637246,0.4580354657729659,-0.11673814778405678
1995-06-01,89.7051,1.6052,146342,0.0379183126230938,5.905035239647557,0.8843211954778091,-0.10345089332153486
1995-07-01,89.8831,1.6052,146104,0.0108034070575158,1.739598445644479,0.883513601623073,-0.09253835445883023
1995-08-01,89.8225,1.6052,145726,0.00378604898701917,-0.5608884089860813,0.5168472252128791,-0.10853473362034455
1995-09-01,90.1071,1.6052,143458,0.0511087942825053,-1.934839158636302,0.4031821705506933,-0.11924470326752122
1995-10-01,90.1842,1.6052,146364,0.0244772005270435,-1.807530222024945,-0.22921923911578818,-0.13238729546357125
1995-11-01,90.0863,1.6052,152102,0.0303667645352095,-1.0701682175717837,-0.3632787664011124,-0.12431120690655188
1995-12-01,90.0192,1.6052,157115,0.0315976247570646,-0.49968867556960045,-0.17692013497565012,-0.11314553391480532
1996-01-01,90.0443,1.6052,164656,0.0018245317816882893,-2.0007223764780635,-0.37316538470039,-0.10610885284162545
1996-02-01,90.3014,1.6052,166102,-1.962973943578911e-4,-3.270865620949747,-0.4832867706087122,-0.10206665022247985
1996-03-01,90.446,1.6052,165305,0.0881897409276047,-0.33514833042250886,0.20363189011093075,-0.08577957519119718
1996-04-01,90.6057,1.6052,164151,0.0181113926721406,2.1183866693596802,0.27743210143307917,-0.08017768012985246
1996-05-01,90.6935,1.6052,162377,-0.0156303377011349,0.5242840083750271,-0.47073153080940344,-0.08757366323792758
1996-06-01,90.3623,1.6052,159964,0.015818317549307,-1.7291240961943692,-0.4131099155015225,-0.08788718958295963
1996-07-01,90.5385,1.6052,161586,0.010322134440764,-6.869169808109106,-0.20465228510534525,-0.08617482859203031
1996-08-01,90.412,1.6052,163705,2.556406918858814e-4,-5.335816781480703,0.16983054189918406,-0.07201635386191908
1996-09-01,90.6458,1.6052,166409,0.003617803888162461,-4.100222319469935,0.36181751840597964,-0.055782778074840104
1996-10-01,90.6986,1.6052,174107,0.0269690249947296,-0.3715542806823107,0.5324644333026033,-0.036274471195513684
1996-11-01,90.8431,1.6052,183026,0.0178266711622446,2.395071884377023,0.4088073062724899,-0.014029188798217311
1996-12-01,90.6761,1.6052,192171,0.0102203285643105,3.341612567056435,-0.005836129320754097,0.003519934591856469
1997-01-01,90.7478,1.6052,205501,0.0419705004258399,2.543343764881504,-0.3455707844687551,0.020451028359052922
1997-02-01,91.0509,1.6052,206291,0.0967055856911647,2.0931410670826023,-0.01226556169193286,0.01801616675060656
1997-03-01,91.2106,1.6052,202207,0.0306132660765741,-0.1341217800669214,-0.7040406771229154,6.436793337511516e-5
1997-04-01,91.0794,1.6052,197732,0.0194146048962018,-3.8053947285242113,-1.3093526499640398,-0.019440420166580596
1997-05-01,91.167,1.6052,192091,0.0930409626585531,-0.6023187041136144,-1.0642480861140735,-0.016168962561181947
1997-06-01,90.8834,1.6052,185320,0.0644327350118945,3.917406079225511,-0.7506898712587621,-0.018005165044152584
1997-07-01,90.9747,1.6052,182477,0.0756256023820345,4.63741227623658,-0.17679759261161382,-0.013707883330891728
1997-08-01,90.8758,1.6052,180843,-0.0403274884729123,2.49455856213501,-0.32216003990972486,-0.02383512159394122
1997-09-01,91.0759,1.6052,177229,-0.0138610800196557,0.3294319640095043,-0.18562548720243477,-0.02589740477637021
1997-10-01,91.0742,1.6052,173484,0.034443469726809,1.0322164112543253,0.3949657732837531,-0.02095192305312963
1997-11-01,91.081,1.6052,175927,-0.0231641787036715,-0.95436320714089,-0.71999194508117,-0.031552695237792826
1997-12-01,91.0541,1.6052,180549,0.0848425396598509,0.17286754989268208,-0.9847355314492162,-0.02716398160781233
1998-01-01,91.0984,1.6052,182492,0.0476805571394296,3.620046988434928,-1.7751888512199558,-0.03131965324427502
1998-02-01,91.065,1.6052,176548,0.0891461756700642,5.815399702394257,-1.2257932785036836,-0.015363671081770724
1998-03-01,91.1768,1.6052,165683,0.0565433194752343,6.175287724685826,-0.8930002351705962,-0.0019262692371154694
1998-04-01,91.1094,1.6052,153897,0.0242711094189223,3.4004186013905078,-0.6506706018861893,0.007158849020617039
1998-05-01,91.1465,1.6052,142360,0.0143068062030836,0.24298492650447173,-0.9899620507442217,0.007239463593137075
1998-06-01,90.9582,1.6052,130779,0.005407853795524441,-3.5288100569292986,-1.1295349887669244,0.006680605208042718
1998-07-01,91.0665,1.6052,125994,0.0733899253165551,-3.453290572854487,0.11014805260206943,0.020192468917566375
1998-08-01,90.9441,1.6052,122225,-0.0774512763056027,0.4173472307022746,0.5095793324716464,0.008645452486042027
1998-09-01,91.2031,1.6052,117544,-0.146753500785904,-1.2859114188630638,-0.6398571429008199,-0.01114227851602777
1998-10-01,91.1304,1.6052,115513,-0.0823505433063042,-4.2674759577457335,-2.1237084702372595,-0.026768522450031557
1998-11-01,91.1122,1.6052,118576,0.160493305178572,-4.452114389029011,-0.5161707007277093,-0.003408034329286778
1998-12-01,90.9644,1.6052,124309,0.00864221767028805,-3.5645075249767832,-0.08642369121947541,-0.008238068478940146
1999-01-01,90.945,1.6052,125883,0.0519280042963366,-0.9314181884786543,1.0412686970807892,-0.0034015627136952833
1999-02-01,91.1315,1.5983,122026,-0.0293206785045651,1.0282033931330776,0.5443455910706314,-0.013953916613735304
1999-03-01,91.4394,1.5948,114073,0.00938540991511405,0.577497434702332,0.00971506947155525,-0.010025051342656506
1999-04-01,91.535,1.6019,105912,0.0177981814985431,0.5551653184672031,-0.301711093530378,-0.0011662050811162854
1999-05-01,91.6877,1.6028,98598,-0.024595774891322,-1.022083574334125,-0.16820538157454534,-0.0035285453905219842
1999-06-01,91.4819,1.5948,92399,-8.808248622087507e-4,-0.17789381409824426,0.8000339756955318,-0.00147544092032574
1999-07-01,91.5893,1.6041,90122,-0.006465745385953239,0.563512236736035,2.0314660999525924,0.009197797267341727
1999-08-01,91.6125,1.6003,87487,-0.0116299133129999,4.564063269827199,1.8916873207998488,0.004458682904624955
1999-09-01,92.0658,1.6016,85096,0.0157537781004491,7.68524314935586,1.29569769711216,0.005324623901418879
1999-10-01,92.2398,1.594,84263,-0.0163060869152211,8.830152123216937,-0.34339551892777403,-0.0026555154869445517
1999-11-01,92.2388,1.6049,86328,0.0566983400042469,5.053737082188786,0.5169446615723334,0.015426302715891526
1999-12-01,92.1509,1.6012,91041,0.007254979486414291,1.403056822029229,1.507258836789142,0.018014246632822837
2000-01-01,92.462,1.6097,92631,-0.0170053938728062,-1.115883884530349,2.281178565188784,0.022908391856870026
2000-02-01,92.5762,1.6069,88702,-0.0335341217015878,0.3525090713675185,0.9791923848462264,0.011243639184188662
2000-03-01,92.9241,1.6046,81548,0.0171047926224053,0.6047677986091942,-0.30697035249572435,2.5137222395642305e-4
2000-04-01,92.8924,1.5738,75642,0.0438630464580612,1.2243358762569843,-1.1867625437101228,-0.018203360676451962
2000-05-01,92.9735,1.5565,69788,0.033195034821524,0.5732038059290857,-0.1420421332029432,-0.01613827876582177
2000-06-01,92.9278,1.5598,65962,0.00928618162534356,-0.9083671475768804,0.7715473639067383,-0.010452770770746977
2000-07-01,93.2737,1.5508,65140,0.0204825340177248,-0.13927714182168982,1.6043204610594959,-0.01170283480216591
2000-08-01,93.3428,1.5512,63708,0.0410042697301964,7.166202756739685,1.9305501223611543,-0.011765395743487629
2000-09-01,93.1013,1.53,62329,-0.0299271056019296,10.538032030138359,1.8111642400842087,-0.032800964788639655
2000-10-01,93.568,1.5133,62953,-0.0255319691567929,3.9422287844751107,0.9240858194463895,-0.03807305420313624
2000-11-01,93.4678,1.5213,65721,0.035313673803733,-3.310954582110833,0.2191954757136975,-0.023982679673535665
2000-12-01,93.9132,1.5135,69724,-0.00623997253555852,-9.26775045321094,-0.901482892070889,-0.02165767838225002
2001-01-01,93.8428,1.5291,72295,-0.00888678332005377,-3.4278646221591935,-1.3276402049005118,-0.006415802413109332
2001-02-01,93.7755,1.5355,69766,-0.0160310581131564,5.955089231727057,0.0042447330897462795,-0.004249587403935985
2001-03-01,93.6486,1.5357,65625,-0.0772948784392428,6.1641779546512705,0.5108530322929319,-0.016180356777188935
2001-04-01,93.7988,1.5287,63032,-0.00979043190292883,-2.540556372982872,1.0986016045573828,-0.01861598296126618
2001-05-01,94.0582,1.5337,61097,0.053418649272843,-8.381816175923845,1.4585783766695402,-0.00689854187520121
2001-06-01,94.5687,1.5225,59176,-0.0266057564507469,-9.859756422343894,0.8222620692423408,-0.015685028482808217
2001-07-01,94.7479,1.5134,60166,-0.0553137425412126,-1.7331314741236035,0.05981890068558407,-0.019313897781611005
2001-08-01,94.6045,1.5144,61079,-0.0282564723227594,8.656998439028362,-0.3242432485445343,-0.019119315399688284
2001-09-01,94.0797,1.4919,62170,-0.124536872920653,7.386262630800115,-1.8951077341900786,-0.04726722532987744
2001-10-01,94.1996,1.4796,68298,0.0268496384558883,-3.873778004122879,-2.6968958689695874,-0.04339258487775
2001-11-01,94.0568,1.4665,77633,0.0518346670167036,-10.880768632309866,-1.657900958904708,-0.03784308673425752
2001-12-01,94.1827,1.4743,86027,-0.00532957940622802,-12.010548856752866,-0.7061899336872746,-0.03018511691921728
2002-01-01,94.148,1.4738,93714,-0.0011670436602045904,-2.654000694121575,0.6058636366853777,-0.0312909975406984
2002-02-01,94.2645,1.4774,94472,-0.010613339682947,8.490285488490576,1.0827482968404714,-0.03643552816119882
2002-03-01,94.2615,1.468,92371,0.0444177189323525,9.993034286958489,1.5869137194768985,-0.039700926740472674
2002-04-01,94.2767,1.466,92025,0.015580644439827,-1.7641610858795147,1.530671073553967,-0.04048228344792169
2002-05-01,95.0902,1.4567,90930,-0.007465345938904469,-14.44608280159812,0.15949693905379506,-0.035525831068103926
2002-06-01,95.1815,1.4716,90705,-0.0801858840039359,-13.126711532928608,-1.3256364765641584,-0.02760749551572322
2002-07-01,95.0566,1.4626,92948,-0.110566227049392,-0.8030602845323247,-1.8865477508024502,-0.03564177490459665
2002-08-01,94.5556,1.4639,96362,-0.0190610249895167,12.825316293384896,0.20612712626156693,-0.02358661703786883
2002-09-01,94.5243,1.4651,101889,-0.0726746343731188,10.100153064642475,0.8551151531691322,-0.027395099332364815
2002-10-01,94.6676,1.4649,110197,-0.021898568713954,-4.214995187505206,0.38070111477137014,-0.028112162377863226
2002-11-01,95.2204,1.4673,120627,0.0446216423977492,-15.8835297955163,0.129089069519208,-0.019227964723875696
2002-12-01,95.045,1.468,129809,-0.0288358380470964,-12.945391411160648,0.4057863711246266,-0.021581330210594135
2003-01-01,94.9867,1.4623,138944,-0.038786109958434,-2.474601052246244,1.6414277326117777,-0.02128621655925373
2003-02-01,95.0627,1.4672,142023,-0.0956529083629709,6.822761042243291,0.795400921327926,-0.02065108785669354
2003-03-01,95.1562,1.469,141808,-0.0375047576492562,6.157005851291283,-0.7794846613055005,-0.011277324463117699
2003-04-01,95.5392,1.4954,141624,0.0963027099663232,-0.9884795414887522,-1.8648881955130938,0.025211129635056388
2003-05-01,95.729,1.5148,140609,0.0206611922374738,-8.624147443387159,-2.3715099567734326,0.03327926916135602
2003-06-01,95.5756,1.5399,140485,0.0613676121350666,-8.389057473603737,-1.7537813600133665,0.04661299346609465
2003-07-01,95.5776,1.5471,141699,0.0162272229127687,-0.14784783737481705,-0.8247771810265608,0.040186804576998574
2003-08-01,94.8114,1.5404,143672,0.0384445560020472,13.00593304127708,0.5401106694757156,0.04069096607745249
2003-09-01,95.0321,1.5469,146688,0.0325256076185629,14.525211425138856,1.4884886698784752,0.05156443010447352
2003-10-01,95.1697,1.5481,151259,-0.0147342292081197,5.7971422673748165,0.5711650819842836,0.050071710191615215
2003-11-01,95.6525,1.5587,156598,0.0157144346900073,-9.035229721952339,-0.9978102279340233,0.05664014022272827
2003-12-01,95.5322,1.5549,162835,0.0243074093609719,-13.305677209748355,-1.9966484401396383,0.05725423642921265
2004-01-01,95.5508,1.5661,168163,0.0492518436033325,-3.0962137892524266,-1.3694952594688996,0.07344668425473914
2004-02-01,95.2265,1.5731,165979,0.0285470219898694,14.29532641617207,0.8901607124522694,0.07394485872139266
2004-03-01,95.2425,1.5666,160849,-0.0213807125620714,18.620260686559817,2.2090917071753298,0.05729941879962022
2004-04-01,95.4465,1.5547,155061,0.0159345530203414,5.293915603166921,2.5842939522931774,0.045528672639563415
2004-05-01,96.2516,1.5408,148816,-0.0141972351017197,-13.999537354843072,0.44519258037018483,0.0373238496959558
2004-06-01,96.474,1.5187,144103,-0.00583075197457072,-20.034435242820955,-1.3309073097928823,0.039616782217452615
2004-07-01,96.6405,1.5268,143125,-0.0267912697763493,-8.353303037141988,-1.6133899083276175,0.06082406264570494
2004-08-01,95.6291,1.5381,145923,-0.0212960788249127,12.619157641606522,0.8740230879765308,0.06538607520485207
2004-09-01,95.9834,1.5431,146341,0.0211225357849845,17.006764934634013,3.0725483941023226,0.06654422586846477
2004-10-01,95.989,1.5427,147911,-0.0151014849931971,4.006579946334434,2.7454073454157495,0.0505736844878126
2004-11-01,96.8889,1.5221,152409,0.0249488098526482,-16.04206712791579,0.43992803149620563,0.04835448786624996
2004-12-01,96.9819,1.5359,158416,0.00791754817312795,-17.21554615788534,-1.2645917881711177,0.06700711903789111
2005-01-01,96.8232,1.5467,162032,0.0216130377257975,0.5039099152353744,-0.925754123975227,0.07892406592298067
2005-02-01,96.3739,1.5499,160451,0.0241081020924583,19.061153529162326,0.751735938634108,0.07805861590360967
2005-03-01,96.5857,1.5489,155681,0.0133104062648581,18.811684859272724,1.3080961034104668,0.0734076751328985
2005-04-01,96.822,1.5471,150671,-0.0016734935953849298,2.021750750308718,0.14169589826651338,0.06676380417350793
2005-05-01,97.6145,1.5448,145370,0.0120306186483332,-14.795066905187594,-1.3840424968562652,0.06839380371075941
2005-06-01,97.5176,1.5382,140661,0.036954751376318,-12.02528815515708,-1.4815232823288431,0.07656435638161678
2005-07-01,97.2984,1.5581,139902,0.0294006384574181,4.644704249364358,0.1774943184866633,0.09424127085544091
2005-08-01,96.7662,1.5526,142359,0.0263981104159376,20.566741524712448,2.0535949860230573,0.08807786217965409
2005-09-01,96.9056,1.5491,142728,0.0221403810742071,18.26995656150308,2.7181958195139675,0.0847682302983799
2005-10-01,97.3296,1.5489,144066,0.0282626453181851,1.581550179365008,1.5097197088000893,0.08128400924668298
2005-11-01,98.1806,1.5452,146762,0.0576852961581287,-12.541533085779209,0.044901505073554386,0.08516740454210937
2005-12-01,97.9047,1.5478,151764,0.029851851160696,-9.00516456423035,-0.2915585202006668,0.09036438571368645
2006-01-01,97.7976,1.5491,154204,0.0249648087497114,5.095391949888406,0.7795265638986922,0.09765658033993153
2006-02-01,97.6179,1.5578,150099,0.020208109294918,17.73214219684638,1.1683448119213866,0.10427661288087786
2006-03-01,97.9221,1.5688,143249,0.0113042635520855,16.015218271663834,0.603409276793374,0.10762431889810109
2006-04-01,97.8182,1.5749,136360,0.00901469957587331,2.6411294253321196,-0.3332947146589238,0.10289253134534597
2006-05-01,98.6484,1.5565,129486,-0.0303917526285106,-12.526288579768352,-0.568186359817852,0.09562190133044847
2006-06-01,98.8457,1.56,122837,-0.0488789984444622,-13.116792941689575,-1.0001599088406505,0.10530702691289708
2006-07-01,98.8184,1.5686,121725,0.035714104666458,0.7756253532200791,0.3021295823899705,0.12433081353043243
2006-08-01,98.1449,1.5775,123074,0.0401002860604522,17.010418394482752,0.5336468558652083,0.1293479046976679
2006-09-01,98.3128,1.5837,121876,0.0317926525614753,18.555866088543414,-0.18877763198900793,0.12935910956026023
2006-10-01,98.1023,1.5897,122765,0.0406234570130193,6.675360234215382,-1.8637448819240074,0.13136640066569014
2006-11-01,98.4347,1.5922,124133,0.0123938920012998,-10.978108455397466,-2.4152953547321125,0.13384020510415168
2006-12-01,98.3919,1.5966,128580,-0.003425798134288339,-15.379567982271888,-2.6905061731443394,0.14147333202444948
2007-01-01,98.405,1.6157,131057,0.0424039502339713,1.3327718613239279,-0.9843228939432455,0.16033104686383454
2007-02-01,97.7176,1.6213,126395,0.0209037787259665,21.820599910435828,1.0621806611423943,0.15967177964205453
2007-03-01,97.9109,1.6126,117915,-0.0386723477740808,20.722422365810303,1.7201506067624401,0.15457586090504535
2007-04-01,97.9871,1.6374,112829,0.0428181057245782,4.226787182050882,2.092484484741265,0.179582137203725
2007-05-01,99.0963,1.65,106200,0.0164775202804,-12.899119025326762,0.9433789742928724,0.184905985582265
2007-06-01,99.3281,1.6542,99781,-0.0161478206889354,-13.275551708273973,-0.47125694543573393,0.1829473282960554
2007-07-01,99.4418,1.6567,99779,-0.0150868534812405,0.8102030278259028,-0.617696589352511,0.18083143452789238
2007-08-01,98.8518,1.6377,100757,-0.0451570432167666,15.595598842713537,0.7453811426390825,0.1717919260636901
2007-09-01,98.7412,1.6475,99681,0.0151095888355464,15.775158397948953,2.7280777410812775,0.1931543135963259
2007-10-01,98.8352,1.6704,102039,0.0233431786157223,-0.14882867040599973,3.9212721942917708,0.20510924340585662
2007-11-01,99.6792,1.6485,104820,-0.0552311038564092,-16.79488693450027,2.646105016426555,0.18307701048109426
2007-12-01,100.1337,1.6586,109012,0.0117176561338259,-14.226361404833202,2.5103527515996524,0.18682726989893692
2008-01-01,100.3771,1.6189,111877,-0.0888353695702848,3.9402845450124904,2.227310912075096,0.15191771694619022
2008-02-01,100.0885,1.6087,108457,-0.0416489461040928,18.71882661193127,2.5548228212333846,0.14736181317673341
2008-03-01,100.2261,1.5711,103777,-0.0489697248435002,15.189173103018847,2.094771431955876,0.13731003557305288
2008-04-01,100.565,1.5954,100880,0.0333324170313287,-0.8191258639805213,1.9347362718176442,0.17839174004560032
2008-05-01,101.3596,1.6245,95166,0.0212422670544341,-12.963498638644516,2.2861089775656307,0.1956830462050845
2008-06-01,102.1644,1.6138,91477,-0.0459441710614068,-14.340288860103438,1.329001634925087,0.18099101722688346
2008-07-01,102.3372,1.6186,92163,-0.0501946165520857,0.023720738362485665,0.8269135762902313,0.17711293577729612
2008-08-01,101.8912,1.6204,94039,0.0452207797592301,15.776205297408561,1.2635759872784955,0.1809674308150603
2008-09-01,101.6259,1.5945,95980,-0.0302314172305639,12.01118177020252,0.6929595701963609,0.14746458340374632
2008-10-01,101.7283,1.5202,100471,-0.129645124889579,-13.914291796316302,-2.673580278877776,0.0987004109679425
2008-11-01,102.2689,1.5152,107652,-0.0483719728505471,-32.01645707545523,-5.222690083544016,0.11839234655298211
2008-12-01,101.5877,1.5397,118762,-0.0326449611656826,-25.545288159689147,-5.78026079957495,0.12710142214048392
2009-01-01,101.0807,1.494,128430,-0.0175144954217542,-5.039424901285248,-4.315349002690558,0.10316633081650989
2009-02-01,100.2277,1.4905,132402,-0.0865689471073253,11.90000287061505,-2.251146207713002,0.10825670932561267
2009-03-01,100.4641,1.5068,134713,-0.0630594566199464,9.343958334276813,-1.4682298627613493,0.11810051635193156
2009-04-01,100.1385,1.5151,136709,0.0866218755862538,-0.9568019821112056,0.01692016468448437,0.13132401613070108
2009-05-01,101.0213,1.5118,135128,0.0564281870883303,-12.613619976609854,0.2664288004545459,0.13255443158615648
2009-06-01,101.1824,1.5145,140253,0.00411599982700706,-12.005641220919236,-0.48229265263966187,0.13263075699355129
2009-07-01,101.364,1.5202,145364,0.0274288516920165,2.657849556546519,-0.22034428967740818,0.13822494252854944
2009-08-01,100.6913,1.524,150831,0.0888959994497633,19.149668524402813,1.2306186412871523,0.14489310985885742
2009-09-01,100.8027,1.5148,154409,0.0326784867129148,17.499621505933565,1.6504148076521883,0.13789655784995972
2009-10-01,100.7899,1.514,158138,0.0142565650053528,0.19945548869728144,0.7813027445565385,0.13517640621087126
2009-11-01,101.4163,1.5104,163950,0.0011310379858162614,-17.155500996199592,-0.27415322470421305,0.13033903847850095
2009-12-01,101.612,1.5025,172740,0.023540598404556,-15.753178732911977,-0.5020896683068186,0.12167644777847414
2010-01-01,101.3665,1.4767,175765,0.0103862312095908,3.9972868929638183,0.7013852702593381,0.10668694455834314
2010-02-01,101.2538,1.4673,172999,-0.005459199318923801,19.62518227800847,1.1391150630288092,0.0990331754299841
2010-03-01,101.4012,1.4484,166032,0.0522204503431063,19.492535018419396,1.197394172199929,0.09235026352623599
2010-04-01,101.5402,1.4339,158570,-0.00701529994259253,2.1806300355184542,-0.16215065946870466,0.08152021710684954
2010-05-01,102.408,1.4199,151074,-0.0639372403439024,-17.374907876285917,-2.442944569729212,0.05585741704163134
2010-06-01,102.3022,1.3774,144473,-0.0015307226228108409,-15.86894675929977,-3.4152952966565686,0.027207364106161442
2010-07-01,101.8569,1.3471,142330,-0.0302457353697275,0.24023016582521178,-2.890728500046125,0.017616319070535832
2010-08-01,101.1126,1.3428,142879,0.0165590781059213,17.16610899324382,-0.5082883469537769,0.022605884179697684
2010-09-01,101.0986,1.3085,140040,0.0180588697628841,18.821243019368328,1.0998802961140361,0.01901204627513247
2010-10-01,101.0752,1.3461,139365,0.005779848563042479,3.2728579153932302,1.3764965366032107,0.042072605755974705
2010-11-01,101.613,1.3445,141668,0.0139137594455916,-17.145317501603245,0.4596224293293733,0.01587901432879865
2010-12-01,101.857,1.2806,148636,9.287156254464906e-4,-19.540163184382767,-0.10177139416134395,-0.02099383301074621
2011-01-01,101.8931,1.2779,148784,0.0042070184601374905,-1.3406295125304173,1.0884282501727323,-0.001580274584340991
2011-02-01,101.5358,1.2966,143325,0.0120363214751236,18.125914881577643,1.95697711843712,0.01314684017998843
2011-03-01,101.9185,1.2879,134905,-0.0419048605853286,16.221802709358705,0.7588636603529213,-2.683468362129778e-4
2011-04-01,102.5599,1.2978,123448,0.0121018588077042,-0.08862080464375167,-1.6957171175682677,-0.01106431858852838
2011-05-01,102.6731,1.254,114684,0.0134871865812891,-14.569811091759927,-2.6259974900052585,-0.05655797351050396
2011-06-01,102.6798,1.2093,110378,-0.049490851419645,-15.798774934006355,-2.9057701255205557,-0.0906630409316565
2011-07-01,102.4316,1.1778,109200,-0.0256354412814654,-1.4658799674741296,-1.800052259211126,-0.10666103365704907
2011-08-01,101.5899,1.1205,111687,-0.127810000657182,10.667550078256768,-2.457335280156407,-0.11049877679949688
2011-09-01,101.2929,1.201,111344,0.0319200631623473,11.114027840925337,-1.5570171638433532,-0.026020955844950903
2011-10-01,101.5661,1.2298,115178,0.0492380174123803,-0.19033805608264445,-2.082006318630809,-0.011029713310063145
2011-11-01,101.4987,1.2315,121109,-0.0202697398187066,-12.601424400058763,-2.8698667561566324,-0.030602474028011892
2011-12-01,101.3215,1.2276,130662,0.0386736794438975,-11.535807765459422,-2.1927612677553587,-0.04130662345579288
2012-01-01,101.1649,1.2111,134317,0.0449557253709076,2.2832147886609473,-0.5279405851922296,-0.05055760356854169
2012-02-01,100.7342,1.2072,133154,0.0183887634563047,14.547999764137117,0.2584656328145902,-0.04843870034796007
2012-03-01,101.018,1.2063,126392,0.00972690154603351,11.394289321784042,-0.002907530024897364,-0.04735646167619094
2012-04-01,101.5812,1.2022,123158,-0.0119686609797467,-1.5648132131898376,-1.8155386041167052,-0.0489553696658604
2012-05-01,101.6571,1.2012,118860,-0.0372757083077064,-11.926767733442214,-2.640352493279894,-0.05113964008829675
2012-06-01,101.639,1.201,114868,-7.419365263825395e-4,-12.020474974614839,-2.3427990036369306,-0.0472671484762948
2012-07-01,101.3523,1.201,116294,0.0523259671495404,-0.7299232241429513,-0.640155466866966,-0.03657270320476011
2012-08-01,100.8645,1.2011,119823,0.0387013253918547,12.3578189065895,0.35874918623160423,-0.03306116903373159
2012-09-01,100.834,1.2089,120347,0.00863263157347527,11.952110096156057,0.2364079026842267,-0.032411612803664835
2012-10-01,101.1483,1.2098,125536,0.0211072785684561,-0.2419887542200175,-1.3974759393693934,-0.03518928412566055
2012-11-01,101.2732,1.2052,132067,0.004487611240509,-12.885109483499237,-2.5353036066144408,-0.0337090644292808
2012-12-01,100.9411,1.2091,142309,0.0313474608267288,-12.522632710568288,-2.074617218934741,-0.01874116449590509
2013-01-01,100.7254,1.228,148158,0.0551582597889795,-0.8553433707630685,-0.21473886227534017,5.690656502613719e-4
2013-02-01,100.4625,1.2298,146001,0.0267752865545874,11.39341615161957,0.007732479464251256,-0.0069634381720212295
2013-03-01,100.7593,1.2264,138993,0.0381165766783134,10.729248760274723,-0.7539758451152138,-0.011010395865454105
2013-04-01,100.9782,1.2198,135851,-5.509199956170703e-4,1.3918350014262983,-2.5800697965102555,-0.012993469573883525
2013-05-01,101.01220000000001,1.2406,131290,0.0482824815991747,-6.22957607449737,-1.3568572808764066,0.009015488749480459
2013-06-01,101.1233,1.2326,126498,-0.0603489294701378,-9.336358996378323,-0.8485631427026392,-0.0032998247792772007
2013-07-01,101.2226,1.2364,128516,0.0303153003488821,-2.7564706505292373,0.6917491422133765,0.007984947107102392
2013-08-01,100.8617,1.2334,129956,0.0092161501275827,9.622977604028549,0.7493418224393351,0.005477574967814018
2013-09-01,100.7891,1.2338,131072,0.0081032710750073,10.44503815831547,0.2492435194386307,0.004630466890347824
2013-10-01,101.0923,1.2314,133443,0.005289389196347029,0.033953352409863496,-1.500737586900811,0.0028348992483774502
2013-11-01,101.0147,1.2319,139073,0.0255532088143815,-11.468822375376305,-1.8654868909653668,0.0061561791066245845
2013-12-01,101.0217,1.2249,149437,-0.0289113593297811,-13.764777738720527,-1.8938299736130144,6.739695195971047e-4
2014-01-01,100.793,1.2312,153260,0.038649753920373,-0.2805266366937267,-0.2505753906781342,0.0100681691007565
2014-02-01,100.5172,1.2213,149259,0.004103759979424029,12.890100563794231,0.25622295785093974,0.0013423778522137534
2014-03-01,100.6171,1.2178,142846,-0.006054025559581569,11.29315976946668,-0.22218962877996626,2.139343723812116e-5
2014-04-01,100.9811,1.2191,137087,0.0118226019592174,-0.24024106728075487,-1.3375297460841629,0.0038112567036202574
2014-05-01,101.0506,1.2204,130310,0.021329233773592,-8.739850324478349,-1.2628938748463774,0.005655809304646958
2014-06-01,101.3465,1.2181,126632,0.007060758383878429,-9.819403956141434,-1.0364395788361973,0.0038735011963267796
2014-07-01,101.2729,1.215,127054,-0.0102248802518357,-0.7061593031445018,-0.5550919984351096,-8.236790452474277e-4
2014-08-01,100.8938,1.2119,128434,-0.0118378625418132,10.126535525323074,-0.29953661086360656,0.005320978301869989
2014-09-01,100.8613,1.2077,129965,0.0402736739736471,10.842464698105438,0.0011442633480156265,0.018380434902559806
2014-10-01,101.0037,1.2078,132397,-0.0340686250286645,-0.42936390724909046,-1.6040677194324218,0.0136385682967958
2014-11-01,101.0019,1.2026,136552,0.0519889350258238,-10.963082431144063,-2.3462645209618427,-0.005111828971652937
2014-12-01,100.9625,1.2024,147369,0.00820365551114066,-10.275270969998843,-2.9162161024969864,-0.05433237000581729
2015-01-01,100.4619,1.0983,150946,-0.0506059123389112,-0.6113284436088844,-3.626789258840671,-0.14985658368470364
2015-02-01,100.0294,1.0623,149921,0.0206976559473238,8.28784510495285,-2.9690735191399624,-0.1478756970090718
2015-03-01,99.7723,1.0609,145108,0.0472357004126347,9.44166526851513,-2.077991394399418,-0.1362534111132378
2015-04-01,100.0978,1.0382,141131,0.0156518078667018,0.3284090555557139,-2.3115512233314286,-0.1418505827551521
2015-05-01,99.9161,1.0398,136349,-0.0129889599591899,-7.3338827921573975,-2.5251707072114926,-0.13246452874864065
2015-06-01,100.1488,1.0448,133256,-0.0146641576156656,-10.598697396556213,-2.592622030036246,-0.11871502696281906
2015-07-01,100.2224,1.0488,133754,0.0183126356542977,-1.5284499752428709,-2.055454307917577,-0.09457895328554175
2015-08-01,99.6065,1.0782,136983,-0.005394714572967141,12.128792216904161,-0.6261299693101753,-0.07404088269444752
2015-09-01,99.4468,1.0918,138226,-0.0556399312046095,11.316405545877988,-0.24433840939539872,-0.0831758263941994
2015-10-01,99.5455,1.0879,141269,0.00977633643233933,-1.2042417311850886,-0.7664507653349617,-0.09092549271047932
2015-11-01,99.6284,1.083,148143,0.021545186730461,-12.915444878697537,-2.028645703136645,-0.08411546620586435
2015-12-01,99.5566,1.083,158629,-0.0245916348055769,-11.914567169249844,-2.755772287147306,-0.07361288879442011
2016-01-01,99.1475,1.0932,163644,-0.0458275711142248,2.297663363318217,-2.2865819632536843,-0.061705532715506356
2016-02-01,98.7623,1.1018,161417,-0.0523594787430194,11.93882779954863,-0.855571167146353,-0.06459415043583348
2016-03-01,98.9457,1.0921,155324,0.006036665644102659,9.208881937449108,0.21693358749102776,-0.069071363470771
2016-04-01,99.2362,1.0931,149540,0.004439851336053511,-1.0701285457060903,0.3717396441531257,-0.06533985282021368
2016-05-01,99.5645,1.1054,144778,0.00622971553245355,-7.832331537956583,-0.20333252964410187,-0.060541325203905046
2016-06-01,99.7082,1.0901,139127,-0.00851261674515613,-7.244617325111735,-0.8961102432352203,-0.07239450091049558
2016-07-01,99.8475,1.0867,139310,0.0234236791970222,-0.04563132365846523,-1.0979792881316026,-0.06499741300088314
2016-08-01,99.4044,1.0876,142858,0.00802260084474393,7.871717150510568,-0.6626708804533885,-0.06186649608125732
2016-09-01,99.3045,1.0922,142675,0.005206194366805361,7.2378095067384445,-0.3111544692094899,-0.0598202045117294
2016-10-01,99.3649,1.0883,144531,-0.0207859640580846,-3.4402804610346043,-1.1287649728114595,-0.0701752027486252
2016-11-01,99.4164,1.0759,149228,-0.0288555799842622,-14.095573909286664,-1.5551207846204298,-0.08069016159792286
2016-12-01,99.2198,1.0754,159372,0.0367556098726978,-12.931979977760845,-0.36188689171393534,-0.07336354267325948
2017-01-01,99.1409,1.0713,164466,0.0301838245684922,-1.6288659779235055,1.6677258727018356,-0.07340462024239128
2017-02-01,99.107,1.0659,159809,0.0123515504767884,8.102773678421897,1.6183054360916478,-0.07554188290888203
2017-03-01,99.5849,1.0706,152280,0.0229059041840485,5.6000029014076125,0.44372508356792323,-0.06982437529821253
2017-04-01,99.7997,1.0723,146327,0.0013843182927679705,-3.619321396045046,-1.456932216011902,-0.065112343121112
2017-05-01,100.0004,1.0897,139778,0.0427979390197388,-9.058776842174407,-1.2472123697849833,-0.04268326203195883
2017-06-01,100.1862,1.0875,133603,-0.00827456447805708,-6.996008348267581,-1.195006112096307,-0.03459300740319003
2017-07-01,100.0444,1.1054,133926,0.0021550660939511092,2.334227584438388,-0.5328019500336062,-0.005526389484299133
2017-08-01,99.7317,1.1396,135578,7.493367665545309e-4,11.387608867731421,0.6136113741256422,0.01666998406143977
2017-09-01,99.764,1.1468,133169,0.005455287825905099,11.229549003914324,1.1574736886750516,0.01724063636493638
2017-10-01,100.0128,1.1542,134800,0.0235203603777949,1.4425360198748842,0.6996874680707679,0.023169277682347264
2017-11-01,100.0735,1.1643,137317,2.7461843573294963e-4,-9.449530306718529,-0.33335089434180537,0.026250295094100408
2017-12-01,100.0008,1.169,146654,0.0122390077950301,-11.093281575310723,-0.483728421820728,0.0299496546728467
2018-01-01,99.9723,1.1725,149161,0.0150889238736349,0.03997101032169369,0.5866242900653457,0.03195747435256932
2018-02-01,99.8406,1.1544,143930,-0.0582114097746251,11.478407491797604,0.8614771907898024,0.022604528128223802
2018-03-01,100.2103,1.1682,130413,-0.0187874299500522,13.405643954102564,0.9927179134491266,0.04320714410125652
2018-04-01,100.5935,1.18815,119781,-0.0021415770279961106,6.427188216557869,0.3713311136073113,0.05334907592288222
2018-05-01,100.8036,1.17862,109392,0.0109692301705964,-4.203854114333146,0.27059826322424174,0.037373692319795634
2018-06-01,101.1873,1.15552,106579,-0.0336003222002049,-12.147896107472793,-0.516462286027818,0.018534698545313172
2018-07-01,101.1915,1.16196,106052,0.0368215895500594,-6.2372033943458645,-0.02577172679608959,0.02556528599856761
2018-08-01,100.9588,1.14049,107893,0.0219408432185282,5.214304200027263,0.676431196529441,0.014313949466909302
2018-09-01,100.9422,1.12882,106586,-0.0117887179199956,8.5849242794847,0.8500966539340207,0.014567111548695949
2018-10-01,101.0024,1.14121,107315,-0.0110686328718891,1.3277913224295144,0.14195161736344725,0.023070125878496092
2018-11-01,101.1808,1.13746,110474,0.00904760492056966,-9.959915212994513,-1.316555781352438,0.019870645904690183
2018-12-01,100.9228,1.12961,119661,-0.0311112608284512,-11.887062412852218,-2.3378105033751218,0.013278704040391637
2019-01-01,100.6637,1.12959,123962,0.0192548736626432,-2.0851615819583156,-1.6278762726005798,0.020908367392656967
2019-02-01,100.3998,1.1366,119473,0.0431253482425344,8.990971527167426,0.6216839453017043,0.027082200570262168
2019-03-01,100.7902,1.13145,112341,0.0205395463761853,7.120207248689966,1.4963508470389117,0.02153469353708522
2019-04-01,101.3269,1.13157,107298,0.0207253108543517,-2.075835429398149,1.3133886602669222,0.020065258564654808
2019-05-01,101.5174,1.13077,101370,-7.945337833970001e-4,-7.115592513137612,-0.08985095225864513,0.011003550994127888
2019-06-01,101.8291,1.1165,97222,0.0251613328743858,-6.605528805411314,-1.185476098653669,0.002160300409793404
2019-07-01,101.7989,1.10792,97578,0.0110210413214979,0.41505874225971007,-2.1535672244139694,-0.005064479037525395
2019-08-01,101.2735,1.08933,99552,-0.0203113763567018,4.870153874818487,-2.0707139980796527,-0.012510682651554614
2019-09-01,101.2632,1.09055,99098,0.0279301729391774,4.185998240085498,-1.4437490301652418,0.0028598733776069216
2019-10-01,101.1522,1.0979,101684,-6.018902608206907e-4,0.6705836668484741,-1.5387569845610867,0.007178594011911458
2019-11-01,100.9247,1.09778,106330,0.0358763177155514,-3.112664652954262,-1.2797268990905188,0.003515556517578814
2019-12-01,100.7904,1.09305,117277,0.0122936648340761,-1.7101075328522566,-0.7951720261419885,-0.009490811035196394
2020-01-01,100.8205,1.07638,121018,0.0234945997325275,-0.3410108744789004,-0.4174730999366577,-0.024663354485041387
2020-02-01,100.6029,1.06504,117822,0.0129523652348991,-13.617512560791987,-1.2622823511318106,-0.025659442744480353
2020-03-01,100.7274,1.05902,135624,-0.166643350438673,-44.88969676949984,-4.938633678815653,-0.04451105688401819
2020-04-01,100.8049,1.05442,153413,0.0526980734331486,-52.08541529623247,-4.845607881280182,-0.024027077914304036
2020-05-01,100.4381,1.05675,155998,0.0142581084644615,-15.086768911027383,-2.4090448001758333,-0.013611057319970072
2020-06-01,100.4803,1.07173,150289,0.0417729039011829,23.257084002819187,-0.13603741990801518,-0.0012319751714202631
2020-07-01,100.5012,1.07056,148870,0.0185190994425344,44.72226026209612,0.13327812069050898,-0.0037026111272959986
2020-08-01,100.3419,1.07678,151111,-0.006978661169380951,30.30321186077375,-0.3218266676619355,-7.048523267201767e-4
2020-09-01,100.3861,1.07837,148560,0.0141288712632652,9.906410169069003,-0.2968041609820101,0.002901342842772845
2020-10-01,100.3431,1.07399,149118,-0.0238682226195787,-6.086409579568495,-0.4989022507298386,-0.00162517290861346
2020-11-01,100.3492,1.07798,153270,0.0314901945775488,-10.333971624404747,-0.8206186547493949,0.008252424250773317
2020-12-01,100.1002,1.08156,163545,0.00337268087298948,-7.413625507816356,-1.136072493481089,0.011154034832001258
2021-01-01,100,1.07931,169753,0.0381086430224555,-0.35578221223931195,-0.5758693150792299,0.019201928970596326
2021-02-01,100.0553,1.08554,167953,-0.00806635644921649,9.061087688205198,0.023192405046973945,0.026692442036624266
2021-03-01,100.2198,1.10624,157968,0.0165371153191052,13.922389167279087,0.532560290119407,0.037600011234326484
2021-04-01,100.5577,1.10326,151279,0.0205078493048945,11.627093003499255,0.43742214213923775,0.029359480357224355
2021-05-01,100.7675,1.09679,142966,5.008723270019107e-4,6.750680397636297,0.1440004809449055,0.02220754733799916
2021-06-01,101.0339,1.09398,131821,0.059803833985894,4.587466099337623,0.3926396676915076,0.027232148868803818
2021-07-01,101.1087,1.0854,128279,0.0157536777676983,5.1634473687213935,0.3933773193031696,0.022033844083167577
2021-08-01,101.023,1.07602,126355,0.0290018145152173,7.542185772507811,1.8409388409626792,0.021917645787173475
2021-09-01,101.2711,1.08595,120294,-0.0293177708178176,5.1831403668537765,2.5979221993415633,0.01581580752529883
2021-10-01,101.2887,1.07137,116733,-0.00983537924487354,-2.741839277531356,2.720315839393856,-0.005307625232084426
2021-11-01,101.5954,1.05217,116244,0.0431217676324522,-7.780434393020686,1.632350151347652,-0.012013223005078661
2021-12-01,101.6346,1.04078,121728,0.0167131717075029,-5.022506900932569,0.9452381352411916,-0.012435385414158971
2022-01-01,101.5311,1.04018,122268,-0.00844118166059504,2.937327161136402,1.131470951024604,-0.008312362433844518
2022-02-01,101.705,1.04611,117970,-0.0310091664983528,6.716712907648852,2.5540436627869676,-0.010114452620415215
2022-03-01,102.3754,1.02458,109500,-0.0219295835170509,5.2764246706014255,3.2733751758426006,-0.02281936640345056
2022-04-01,102.9572,1.02172,104391,0.0363835117727496,3.801061015804973,4.288620925221411,-0.008195288573374865
2022-05-01,103.3351,1.03591,98004,-0.0528934343725731,0.857309307723223,4.302337506283089,-0.01745773763617577
2022-06-01,104.0068,1.02495,92511,-0.0608810912013392,-5.34120818819128,3.3390220664479564,-0.052289397693035235
2022-07-01,104.5312,0.98765,91474,0.00694909988216597,-5.886322578267844,2.5320171021724085,-0.08093726082977165
2022-08-01,104.4916,0.96899,91372,0.007734562353943761,-0.769528842293542,1.9390682459800432,-0.0763600363243609
2022-09-01,104.7671,0.96419,89526,-0.0464221530154865,-0.5332540026781553,0.6929998448144367,-0.06576894435615314
2022-10-01,104.5831,0.97899,89636,-0.00753428835507996,-1.3299795482829417,-0.1994821651615152,-0.04680536002092777
2022-11-01,104.6392,0.9843,91327,0.0475499313239782,-3.2619875083265217,0.8214207893479468,-0.03832493525954076
2022-12-01,104.6432,0.98654,96941,-0.0034853420419746995,-3.7500843563911928,1.7937182762009645,-0.037696834367341184
2023-01-01,104.4149,0.99615,100776,0.0300600765455807,-2.261770455555747,3.7994934717840856,-0.03119625268479951
2023-02-01,105.0435,0.99045,98452,-0.003956229157211941,-2.8770285067141184,2.8936910529928963,-0.03890100413139519
2023-03-01,105.8273,0.99051,92755,-0.032826270676218,-5.559173888825554,0.24734231894262979,-0.04723319275919514
2023-04-01,105.9896,0.98479,90534,0.0414346781534696,-4.31002548111561,-1.5237690397203225,-0.04881419543048792
2023-05-01,105.986,0.97533,88076,0.0138501255259247,-2.1605712094971126,-0.4229530769702859,-0.05159015383714274
2023-06-01,106.252,0.97602,85099,-0.0166240489619977,-2.3815707913555944,0.23958240980228643,-0.05455816655041367
2023-07-01,106.3196,0.9661,87601,-0.0132612318598484,-1.7314114931598705,0.5610354794066046,-0.06235852817889623
2023-08-01,106.1688,0.95835,89881,-0.00892327608580357,-0.3984083061699285,0.8344522762209332,-0.06204252451590378
2023-09-01,106.3955,0.95969,90826,-0.0013524670457829588,-0.617150381063083,1.196998434302687,-0.057256264143045896
2023-10-01,106.3136,0.95518,93563,-0.0323919800248373,-1.440196036101305,1.0151953574322936,-0.06214137796497323
2023-11-01,106.4112,0.96324,98011,0.0035913545210215503,-1.5912975499627076,0.3352428648032275,-0.06350571913773113
2023-12-01,106.1539,0.94415,106859,0.036969743138954,1.4440997275756284,0.22917508978203968,-0.074858668260004
2024-01-01,106.2055,0.93645,113175,0.0132982391757464,3.719484558382677,0.2578043415286059,-0.07093610122726703
2024-02-01,106.3866,0.946,111879,0.005587204443338931,3.5124897535893265,0.7594718597076704,-0.05324110535065655
2024-03-01,107.0638,0.96527,108593,0.0296768795523727,1.3288582453236357,0.9888831996174599,-0.03188120717881412
2024-04-01,107.0971,0.97598,106957,-0.0200368532166835,-0.7832255428950623,0.6507061550770328,-0.030137536106029785
2024-05-01,107.4357,0.9828,105465,0.032428395967085,-1.0104955670267337,0.6229983016540573,-0.0321265656828917
2024-06-01,107.729,0.9619,104518,0.0262773722325056,-0.22957148882981845,-0.12174371569281557,-0.04550183598573948
2024-07-01,107.7316,0.96782,107716,0.00830305587673941,0.6591703980945836,-1.0888381166020196,-0.04642286445672197
2024-08-01,107.539,0.94494,111354,-0.00744090196508385,-0.2308643598491802,-1.252205941245528,-0.06484291533311273
2024-09-01,107.5237,0.94101,113245,-0.0014802819424917207,-0.5920439765415108,-0.9362506551235972,-0.06429169476589851
2024-10-01,107.2098,0.93867,116447,0.004210785062703559,-0.05010294389683504,-0.29976036449727617,-0.06435744469871321
2024-11-01,107.0741,0.9354,121114,-0.0321570972797817,-0.8179771295183821,-0.8520447700043707,-0.06371368098860655
2024-12-01,106.9296,0.93383,130293,-0.005652959357420829,-1.02847567724566,-1.2396608680349117,-0.05654434342432826
2025-01-01,106.8708,0.94162,135773,0.0338083261648154,1.0556903227669479,-1.037342891438448,-0.0430515736841295
2025-02-01,106.8138,0.94114,135446,0.0606894492912633,2.129157740741737,-0.04913832535134024,-0.04032189198598734
2025-03-01,107.4115,0.95488,132569,0.0133079670878462,-0.4337305483242553,-0.014276259618073873,-0.04167243531517042
2025-04-01,107.4637,0.93799,130101,-0.0943891183460673,-3.492815664353449,-1.3961766105596436,-0.07162686156345728
2025-05-01,107.4725,0.93578,127944,0.0419438708235,-2.3800700194017006,-0.6277642464979594,-0.0534538288695573
2025-06-01,107.6215,0.93766,126877,-0.0117102681176561,-2.9592851678470646,-0.47789278570835064,-0.04679899063720704
2025-07-01,107.8156,0.93245,129154,-0.0107395137092606,-4.6327560637827805,-0.979625146853869,-0.04214552505768538
2025-08-01,107.7734,0.93875,132105,0.00728105080888541,-2.923984305335646,-1.3382721105320179,-0.03451136548668555
2025-09-01,107.6873,0.93483,133233,0.007008670923993379,0.8584679336320071,-1.4185148940409846,-0.03687034950903456
2025-10-01,107.4504,0.92857,133233,0.030612603309865,4.10250570660215,-1.007334467112962,-0.03227441593566439
2025-11-01,107.4504,0.92857,133233,-0.00122171075726341,2.78090075190272,-0.9608181552222242,-0.028601451198179986
2025-12-01,107.4504,0.92857,133233,-0.00122171075726341,-0.7370351353947624,-1.1342677268827404,-0.026533236117704265
