date,cpi,eur_chf,gdp,log_cpi,log_gdp,log_eur
2000,92.5762,1.6097,124982.919884765,-2.33608107235163,-1.68719595981833,1.30512027219564
2000.08333333333,92.9241,1.6069,,-2.21469348497652,,1.29487598278151
2000.16666666667,92.8924,1.6046,,-2.22573526139504,,1.2864476681452
2000.25,92.9735,1.5738,,-2.1974939329991,,1.17240259845733
2000.33333333333,92.9278,1.5565,,-2.21340494268586,,1.10736188156203
2000.41666666667,93.2737,1.5598,,-2.09316968334999,,1.11982410686216
2000.5,93.3428,1.5508,,-2.06920388033353,,1.08577385649503
2000.58333333333,93.1013,1.5512,,-2.15304029389693,,1.08729139233316
2000.66666666667,93.568,1.53,,-1.99122120001371,,1.00631776752797
2000.75,93.4678,1.5133,125733.095872361,-2.02589544230857,-1.6421484086529,0.941737948998332
2000.83333333333,93.9132,1.5213,,-1.87204829903978,,0.972762842223846
2000.91666666667,93.8428,1.5135,,-1.89631679228761,,0.942515568291089
2001,93.7755,1.5291,128613.579216627,-1.9195336716337,-1.47163965428669,1.00285542839911
2001.08333333333,93.6486,1.5355,,-1.96335648068676,,1.02743235452169
2001.16666666667,93.7988,1.5357,,-1.9114938475362,,1.02819873185799
2001.25,94.0582,1.5287,,-1.82212074729432,,1.00131595682783
2001.33333333333,94.5687,1.5337,,-1.64695179294214,,1.02053046312468
2001.41666666667,94.7479,1.5225,,-1.5856866576484,,0.977402499613631
2001.5,94.6045,1.5134,,-1.63470316678567,,0.942126771490278
2001.58333333333,94.0797,1.5144,,-1.81472424957277,,0.946013583957209
2001.66666666667,94.1996,1.4919,,-1.77350684653677,,0.857933226940496
2001.75,94.0568,1.4796,128617.4636076,-1.82260243833307,-1.47141230773681,0.809219359143302
2001.83333333333,94.1827,1.4665,,-1.77931329490923,,0.756889757371828
2001.91666666667,94.148,1.4743,,-1.7912386773956,,0.788103862397443
2002,94.2645,1.4738,128680.229652804,-1.75121838782765,-1.46773967339152,0.786107917471506
2002.08333333333,94.2615,1.4774,,-1.75224833265254,,0.80046363253933
2002.16666666667,94.2767,1.468,,-1.74703028320222,,0.762905343358085
2002.25,95.0902,1.466,,-1.46898206439336,,0.754883194631247
2002.33333333333,95.1815,1.4567,,-1.43792498798496,,0.71743585835628
2002.41666666667,95.0566,1.4716,,-1.48041911964066,,0.777317707786694
2002.5,94.5556,1.4626,,-1.65143499095249,,0.741220391517414
2002.58333333333,94.5243,1.4639,,-1.66214926956909,,0.746448151118857
2002.66666666667,94.6676,1.4651,,-1.6131253881831,,0.751269656486391
2002.75,95.2204,1.4649,128581.445893613,-1.42470161379438,-1.47352062437016,0.750466346562996
2002.83333333333,95.045,1.4673,,-1.48436856560022,,0.760098835196127
2002.91666666667,94.9867,1.468,,-1.50422523810094,,0.762905343358085
2003,95.0627,1.4623,128122.435320386,-1.47834244917383,-1.50044090156664,0.740013325593716
2003.08333333333,95.1562,1.4672,,-1.44652818096492,,0.75969779616515
2003.16666666667,95.5392,1.469,,-1.3165342433635,,0.766912320141961
2003.25,95.729,1.4954,,-1.25230725799434,,0.871721509036478
2003.33333333333,95.5756,1.5148,,-1.30420685646278,,0.947567590352016
2003.41666666667,95.5776,1.5399,,-1.30352966358623,,1.04426964167543
2003.5,94.8114,1.5471,,-1.56400499397405,,1.07171806546408
2003.58333333333,95.0321,1.5404,,-1.48876118799849,,1.04617992483986
2003.66666666667,95.1697,1.5469,,-1.44193725979942,,1.07095733564017
2003.75,95.6525,1.5481,128357.695935613,-1.27817898751764,-1.48663119556027,1.07552024004696
2003.83333333333,95.5322,1.5587,,-1.31890543313321,,1.11567296370606
2003.91666666667,95.5508,1.5549,,-1.31260522564401,,1.10131007651128
2004,95.2265,1.5661,131725.938206312,-1.42262851554239,-1.2916452142492,1.1435425846287
2004.08333333333,95.2425,1.5731,,-1.41719151169755,,1.16978480209027
2004.16666666667,95.4465,1.5666,,-1.34794966374653,,1.14542091489642
2004.25,96.2516,1.5547,,-1.07611894728378,,1.10055316305773
2004.33333333333,96.474,1.5408,,-1.00142945153615,,1.04770770498079
2004.41666666667,96.6405,1.5187,,-0.945625697019697,,0.962697683541213
2004.5,95.6291,1.5268,,-1.28609682570112,,0.993997961552099
2004.58333333333,95.9834,1.5381,,-1.16641952969543,,1.03738748278594
2004.66666666667,95.989,1.5431,,-1.1645314810014,,1.05648475120323
2004.75,96.8889,1.5427,133029.643837379,-0.862550986248794,-1.21750962628872,1.05495924852316
2004.83333333333,96.9819,1.5221,,-0.831502921346868,,0.975856353594163
2004.91666666667,96.8232,1.5359,,-0.884502910481494,,1.02896500939257
2005,96.3739,1.5467,134092.677013776,-1.0350251102349,-1.15759570533789,1.0701965074545
2005.08333333333,96.5857,1.5499,,-0.963981716720868,,1.08235796923701
2005.16666666667,96.822,1.5489,,-0.884903997372463,,1.07856021179284
2005.25,97.6145,1.5471,,-0.621096071671124,,1.07171806546408
2005.33333333333,97.5176,1.5448,,-0.653237047073253,,1.06296372903035
2005.41666666667,97.2984,1.5382,,-0.726061975942743,,1.03777003618982
2005.5,96.7662,1.5581,,-0.903560029773122,,1.11340746887068
2005.58333333333,96.9056,1.5526,,-0.856973493902826,,1.09259968784854
2005.66666666667,97.3296,1.5491,,-0.715686375572138,,1.07931995939618
2005.75,98.1806,1.5489,135485.661705585,-0.43396043275465,-1.07980028591441,1.07856021179284
2005.83333333333,97.9047,1.5452,,-0.525029504148337,,1.0644871582116
2005.91666666667,97.7976,1.5478,,-0.560450237006855,,1.07437984561597
2006,97.6179,1.5491,141119.946075718,-0.619968897620408,-0.773091181701915,1.07931995939618
2006.08333333333,97.9221,1.5578,,-0.519278534436311,,1.11227439427947
2006.16666666667,97.8182,1.5688,,-0.553634273602341,,1.15367845238439
2006.25,98.6484,1.5749,,-0.280132250803131,,1.17651392691735
2006.33333333333,98.8457,1.5565,,-0.215472048072235,,1.10736188156203
2006.41666666667,98.8184,1.56,,-0.224411251252836,,1.12057854563231
2006.5,98.1449,1.5686,,-0.445729863746328,,1.15292824582001
2006.58333333333,98.3128,1.5775,,-0.390414508650319,,1.18622020844021
2006.66666666667,98.1023,1.5837,,-0.459779662222421,,1.20930154900225
2006.75,98.4347,1.5897,142521.871188354,-0.350313204505108,-0.698678509132481,1.23155245537939
2006.83333333333,98.3919,1.5922,,-0.364387411804246,,1.24079889051335
2006.91666666667,98.405,1.5966,,-0.360079002040859,,1.25703740984488
2007,97.7176,1.6157,147671.942494034,-0.586933618878985,-0.431464327683552,1.32701244792766
2007.08333333333,97.9109,1.6213,,-0.522980190841563,,1.34737192020462
2007.16666666667,97.9871,1.6126,,-0.497804062187939,,1.31571166072457
2007.25,99.0963,1.6374,,-0.133529907892007,,1.40551603794151
2007.33333333333,99.3281,1.65,,-0.0579193379813603,,1.45062271940765
2007.41666666667,99.4418,1.6542,,-0.0208961466912734,,1.46558176732552
2007.5,98.8518,1.6567,,-0.213474981162052,,1.47446794071951
2007.58333333333,98.7412,1.6377,,-0.24970324946126,,1.40659403467985
2007.66666666667,98.8352,1.6475,,-0.218909910929902,,1.44170043539379
2007.75,99.6792,1.6704,149859.684309974,0.0562701776173892,-0.320761282320228,1.52292732852485
2007.83333333333,100.1337,1.6485,,0.203492977082354,,1.44527097262697
2007.91666666667,100.3771,1.6586,,0.282061208202222,,1.48121246885603
2008,100.0885,1.6189,153067.271529642,0.18888163289147,-0.161340257856262,1.33865505642215
2008.08333333333,100.2261,1.6087,,0.233341673615509,,1.3014636444495
2008.16666666667,100.565,1.5711,,0.342584135898161,,1.16229896025661
2008.25,101.3596,1.5954,,0.597282132739383,,1.25261316514041
2008.33333333333,102.1644,1.6245,,0.853222365120887,,1.35897435453563
2008.41666666667,102.3372,1.6138,,0.907912763812193,,1.32008873395869
2008.5,101.8912,1.6186,,0.76656681278243,,1.33756453993784
2008.58333333333,101.6259,1.6204,,0.682194384497327,,1.34410460935054
2008.66666666667,101.7283,1.5945,,0.71478636897894,,1.24929279722776
2008.75,102.2689,1.5202,154024.492544775,0.88630717529715,-0.114412017274101,0.968506606826891
2008.83333333333,101.5877,1.5152,,0.670027635276242,,0.9491211864481
2008.91666666667,101.0807,1.5397,,0.508112747002796,,1.04350535473063
2009,100.2277,1.494,149538.738081878,0.233858291750407,-0.336900101094765,0.866210072725585
2009.08333333333,100.4641,1.4905,,0.310098136458974,,0.852408854718981
2009.16666666667,100.1385,1.5068,,0.20504423684245,,0.916409216357134
2009.25,101.0213,1.5151,,0.489089712119816,,0.948732825877735
2009.33333333333,101.1824,1.5118,,0.54065654896331,,0.935902526372317
2009.41666666667,101.364,1.5145,,0.598686925707937,,0.946402124033268
2009.5,100.6913,1.5202,,0.383202074758576,,0.968506606826891
2009.58333333333,100.8027,1.524,,0.418985925589065,,0.983196931573488
2009.66666666667,100.7899,1.5148,,0.414876327580903,,0.947567590352016
2009.75,101.4163,1.514,149811.270030401,0.615380137189744,-0.323193585102962,0.944459167046906
2009.83333333333,101.612,1.5104,,0.677767745963589,,0.930450905803929
2009.91666666667,101.3665,1.5025,,0.599485076364623,,0.899593165120428
2010,101.2538,1.4767,154121.534167211,0.563484872104186,-0.109670795163308,0.797674985098209
2010.08333333333,101.4012,1.4673,,0.610561375143654,,0.760098835196127
2010.16666666667,101.5402,1.4484,,0.654892441103715,,0.683812666122495
2010.25,102.408,1.4339,,0.930293970816911,,0.624608367548837
2010.33333333333,102.3022,1.4199,,0.896842887894345,,0.566874753853837
2010.41666666667,101.8569,1.3774,,0.75567087750791,,0.388059707088391
2010.5,101.1126,1.3471,,0.518324208033592,,0.257173320516141
2010.58333333333,101.0986,1.3428,,0.513843085825847,,0.238360520169926
2010.66666666667,101.0752,1.3085,,0.506351824567052,,0.0861024802007676
2010.75,101.613,1.3461,155437.311202637,0.678086229381869,-0.0456780840756403,0.252803614998429
2010.83333333333,101.857,1.3445,,0.755702649415793,,0.245805329562212
2010.91666666667,101.8931,1.2806,,0.767170270487951,,-0.0407190373168938
2011,101.5358,1.2779,157873.902359645,0.653490085887743,0.0714077329127964,-0.0531383985700408
2011.08333333333,101.9185,1.2966,,0.775236466634753,,0.0323440796161127
2011.16666666667,102.5599,1.2879,,0.978260242160107,,-0.00727141771673772
2011.25,102.6731,1.2978,,1.01395983274458,,0.0377874150456757
2011.33333333333,102.6798,1.254,,1.01607156046361,,-0.164230967054747
2011.41666666667,102.4316,1.2093,,0.937750934773188,,-0.377810016256579
2011.5,101.5899,1.1778,,0.67072846225669,,-0.533115184024526
2011.58333333333,101.2929,1.1205,,0.575979276235394,,-0.826581775395126
2011.66666666667,101.5661,1.201,,0.663145982424231,,-0.418335617251909
2011.75,101.4987,1.2298,158816.740363177,0.641663264657026,0.116229806197113,-0.278896591915567
2011.83333333333,101.3215,1.2315,,0.585115351869488,,-0.270768189529635
2011.91666666667,101.1649,1.2276,,0.535058913735513,,-0.289432396305494
2012,100.7342,1.2111,160472.950789764,0.39698707590278,0.194324823036255,-0.369058038669303
2012.08333333333,101.018,1.2072,,0.488032548905196,,-0.38803713646193
2012.16666666667,101.5812,1.2063,,0.667956921438824,,-0.392425635245634
2012.25,101.6571,1.2022,,0.69212823212595,,-0.412459206797065
2012.33333333333,101.639,1.2012,,0.686365698311432,,-0.41735580787828
2012.41666666667,101.3523,1.201,,0.594951318974768,,-0.418335617251909
2012.5,100.8645,1.201,,0.438820239314168,,-0.418335617251909
2012.58333333333,100.834,1.2011,,0.429032979161992,,-0.417845692171094
2012.66666666667,101.1483,1.2089,,0.529748261929752,,-0.379756669216103
2012.75,101.2732,1.2098,161046.257635396,0.569684744624102,0.221170197974088,-0.375377605333704
2012.83333333333,100.9411,1.2052,,0.463387658441395,,-0.397793804556546
2012.91666666667,100.7254,1.2091,,0.39415986202989,,-0.37878326223626
2013,100.4625,1.228,162709.275040695,0.309582733977213,0.298504509854457,-0.287515391831874
2013.08333333333,100.7593,1.2298,,0.405049704249034,,-0.278896591915567
2013.16666666667,100.9782,1.2264,,0.475279799190021,,-0.295187159776151
2013.25,101.0122,1.2198,,0.486174420775603,,-0.326939356998606
2013.33333333333,101.1233,1.2406,,0.521748647425038,,-0.227447229215568
2013.41666666667,101.2226,1.2326,,0.553511451262977,,-0.265514612054962
2013.5,100.8617,1.2364,,0.437921860127347,,-0.247401894891379
2013.58333333333,100.7891,1.2334,,0.414619460376753,,-0.261696772388352
2013.66666666667,101.0923,1.2338,,0.511826378377486,,-0.259788781068219
2013.75,101.0147,1.2314,164130.211922332,0.486975351155206,0.363957849869689,-0.271246020150689
2013.83333333333,101.0217,1.2319,,0.489217850768878,,-0.268857254973672
2013.91666666667,100.793,1.2249,,0.415871668739911,,-0.302388537715424
2014,100.5172,1.2312,165774.046963819,0.327198401365697,0.438975372207143,-0.27220179781538
2014.08333333333,100.6171,1.2213,,0.359345615542892,,-0.319707888496294
2014.16666666667,100.9811,1.2178,,0.476209189412645,,-0.336595160247922
2014.25,101.0506,1.2191,,0.49847452583626,,-0.330317086088702
2014.33333333333,101.3465,1.2204,,0.593099319862529,,-0.324045703053035
2014.41666666667,101.2729,1.2181,,0.569588879347981,,-0.335145779269355
2014.5,100.8938,1.215,,0.448219640175823,,-0.350139959473693
2014.58333333333,100.8613,1.2119,,0.437793518207619,,-0.365172445342978
2014.66666666667,101.0037,1.2077,,0.483451109204056,,-0.385600495083894
2014.75,101.0019,1.2078,166860.971014638,0.482874378525156,0.488170442680374,-0.385113287865256
2014.83333333333,100.9625,1.2026,,0.470247809367607,,-0.410501706719221
2014.91666666667,100.4619,1.2024,,0.309389455930324,,-0.411480375358439
2015,100.0294,1.0983,168715.998207305,0.169767019662861,0.571394975642787,-0.944334256289863
2015.08333333333,99.7723,1.0623,,0.0864819611145919,,-1.14043944280741
2015.16666666667,100.0978,1.0609,,0.191888488367399,,-1.14819937540495
2015.25,99.9161,1.0382,,0.133090992967681,,-1.27547065630091
2015.33333333333,100.1488,1.0398,,0.208372730786868,,-1.26640925673583
2015.41666666667,100.2224,1.0448,,0.232146962590249,,-1.23818198788906
2015.5,99.6065,1.0488,,0.0326587497196611,,-1.21569726362627
2015.58333333333,99.4468,1.0782,,-0.0192690098746296,,-1.05301947624368
2015.66666666667,99.5455,1.0918,,0.0128339351208646,,-0.979262073256552
2015.75,99.6284,1.0879,169606.926256619,0.0397732214583244,0.61104112565649,-1.00031871471175
2015.83333333333,99.5566,1.083,,0.016442305396713,,-1.02688175340077
2015.91666666667,99.1475,1.083,,-0.116813832741507,,-1.02688175340077
2016,98.7623,1.0932,171850.398889285,-0.242788576907337,0.709960053770567,-0.971721620735767
2016.08333333333,98.9457,1.1018,,-0.182748785991446,,-0.925612493185769
2016.16666666667,99.2362,1.0921,,-0.0878749592689411,,-0.977645448351544
2016.25,99.5645,1.0931,,0.0190101797326918,,-0.972259904153764
2016.33333333333,99.7082,1.1054,,0.0656839620439392,,-0.906417765538688
2016.41666666667,99.8475,1.0901,,0.110864459442969,,-0.988431346669375
2016.5,99.4044,1.0867,,-0.0330697254410571,,-1.00681286989653
2016.58333333333,99.3045,1.0876,,-0.0656093219741443,,-1.00194158169875
2016.66666666667,99.3649,1.0922,,-0.0459318215722558,,-0.977106672067714
2016.75,99.4164,1.0883,172822.530225701,-0.0291632653870244,0.752422765901887,-0.99815558807045
2016.83333333333,99.2198,1.0759,,-0.0932236018011759,,-1.06558506656581
2016.91666666667,99.1409,1.0754,,-0.118968154587091,,-1.06832027099369
2017,99.107,1.0713,172659.22218096,-0.130035795622661,0.745306186361914,-1.09079703493039
2017.08333333333,99.5849,1.0659,,0.0256402041028348,,-1.1205321945678
2017.16666666667,99.7997,1.0706,,0.0953681371843005,,-1.09464312650559
2017.25,100.0004,1.0723,,0.160383467807683,,-1.08530697558481
2017.33333333333,100.1862,1.0897,,0.220455840949207,,-0.990590900847111
2017.41666666667,100.0444,1.0875,,0.174619513552746,,-1.00248263683956
2017.5,99.7317,1.1054,,0.0733103654618465,,-0.906417765538688
2017.58333333333,99.764,1.1396,,0.0837896816668841,,-0.727124442883155
2017.66666666667,100.0128,1.1468,,0.164396078126713,,-0.690064693636912
2017.75,100.0735,1.1542,172630.524367198,0.184031277219454,0.744054907978707,-0.652217179991967
2017.83333333333,100.0008,1.1643,,0.160512914616365,,-0.60095019507898
2017.91666666667,99.9723,1.169,,0.151288533417678,,-0.577244722358643
2018,99.8406,1.1725,176470.280664539,0.108628000837404,0.909654451514166,-0.559653542800513
2018.08333333333,100.2103,1.1544,,0.228239626649649,,-0.651197645175287
2018.16666666667,100.5935,1.1682,,0.351754159057688,,-0.581272958134471
2018.25,100.8036,1.18815,,0.41927486206283,,-0.481632839846201
2018.33333333333,101.1873,1.17862,,0.542223713337191,,-0.529019919816833
2018.41666666667,101.1915,1.15552,,0.543566936685188,,-0.645491512393412
2018.5,100.9588,1.16196,,0.469061812481972,,-0.612788199742837
2018.58333333333,100.9422,1.14049,,0.463740318477892,,-0.722530783443452
2018.66666666667,101.0024,1.12882,,0.483034582522492,,-0.783051158879347
2018.75,101.1808,1.14121,179091.811932967,0.540144805383989,1.02065784819825,-0.718817186853163
2018.83333333333,100.9228,1.13746,,0.457520113975561,,-0.73818457163863
2018.91666666667,100.6637,1.12961,,0.374330297602972,,-0.778934534603553
2019,100.3998,1.12959,179076.219227558,0.289378933000763,1.02000242250119,-0.779038717414811
2019.08333333333,100.7902,1.1366,,0.414972652256815,,-0.742635158778652
2019.16666666667,101.3269,1.13145,,0.586840055743568,,-0.769357598546376
2019.25,101.5174,1.13157,,0.647625032844599,,-0.768733556847912
2019.33333333333,101.8291,1.13077,,0.746837077208979,,-0.77289508547756
2019.41666666667,101.7989,1.1165,,0.737237913276295,,-0.847625142229446
2019.5,101.2735,1.10792,,0.56978060961624,,-0.893018614706137
2019.58333333333,101.2632,1.08933,,0.566489082376091,,-0.992589194342314
2019.66666666667,101.1522,1.09055,,0.530996023509613,,-0.986002795211354
2019.75,100.9247,1.0979,179685.990041047,0.458129362076706,1.04559117841518,-0.946477684117857
2019.83333333333,100.7904,1.09778,,0.415036868548129,,-0.94712086474734
2019.91666666667,100.8205,1.09305,,0.424699967984493,,-0.97252906432945
2020,100.6029,1.07638,178229.167946499,0.354778088171897,0.984311336476541,-1.06296046592547
2020.08333333333,100.7274,1.06504,,0.394802432326076,,-1.12528169584828
2020.16666666667,100.8049,1.05902,,0.419692210192924,,-1.15863598040697
2020.25,100.4381,1.05442,,0.301721828887016,,-1.18425068493582
2020.33333333333,100.4803,1.05675,,0.315316124338671,,-1.17126234497703
2020.41666666667,100.5012,1.07173,,0.322046730249666,,-1.08843568164906
2020.5,100.3419,1.07056,,0.270710625916999,,-1.09486297911559
2020.58333333333,100.3861,1.07678,,0.284962706756299,,-1.06077419263508
2020.66666666667,100.3431,1.07837,,0.271097643139094,,-1.05209177931511
2020.75,100.3492,1.07399,166249.064552329,0.273064909125248,0.460514617482877,-1.07604040265296
2020.83333333333,100.1002,1.07798,,0.192664405721439,,-1.05422024236157
2020.91666666667,100,1.08156,,0.160254020481222,,-1.0347108866277
2021,100.0553,1.07931,180391.324044964,0.178145202701288,1.07508210558845,-1.04696479957865
2021.08333333333,100.2198,1.08554,,0.231307409537168,,-1.01309737350324
2021.16666666667,100.5577,1.10624,,0.340234904872649,,-0.901947990902084
2021.25,100.7675,1.10326,,0.407683275070727,,-0.917820415675108
2021.33333333333,101.0339,1.09679,,0.493125835856434,,-0.952429789159049
2021.41666666667,101.1087,1.09398,,0.517075957767729,,-0.967524699188599
2021.5,101.023,1.0854,,0.489634297874317,,-1.01385630219432
2021.58333333333,101.2711,1.07602,,0.569013681727573,,-1.06492880664695
2021.66666666667,101.2887,1.08595,,0.574637397558878,,-1.0108753595383
2021.75,101.5954,1.07137,185779.04626099,0.672480463311048,1.29661700396493,-1.09041256400138
2021.83333333333,101.6346,1.05217,,0.684964706309313,,-1.19682034176407
2021.91666666667,101.5311,1.04078,,0.65199204841511,,-1.26086603253623
2022,101.705,1.04018,190942.446415505,0.707373303487443,1.50297979487863,-1.26425922337669
2022.08333333333,102.3754,1.04611,,0.919990422486317,,-1.23080877508311
2022.16666666667,102.9572,1.02458,,1.10338265224359,,-1.35317606747158
2022.25,103.3351,1.02172,,1.22194814699762,,-1.36962424434887
2022.33333333333,104.0068,1.03591,,1.4316265749096,,-1.28846411078207
2022.41666666667,104.5312,1.02495,,1.59438457788159,,-1.35105151136345
2022.5,104.4916,0.98765,,1.58212245996524,,-1.56918475167272
2022.58333333333,104.7671,0.96899,,1.66733476027065,,-1.68142138589892
2022.66666666667,104.5831,0.96419,,1.6104483521385,,-1.71064208433961
2022.75,104.6392,0.97899,193135.74880423,1.62780312195218,1.58895483563993,-1.62100704006542
2022.83333333333,104.6432,0.9843,,1.62904018331402,,-1.58917738872272
2022.91666666667,104.4149,0.98654,,1.55835912506829,,-1.57580165565641
2023,105.0435,0.99615,191729.601150521,1.75260055068338,1.53394848202121,-1.51875992043168
2023.08333333333,105.8273,0.99045,,1.99317792001683,,-1.55252644571531
2023.16666666667,105.9896,0.99051,,2.04277109982365,,-1.55216999761853
2023.25,105.986,0.98479,,2.04167189003879,,-1.58624884792714
2023.33333333333,106.252,0.97533,,2.12279090674408,,-1.64304679050127
2023.41666666667,106.3196,0.97602,,2.143373752866,,-1.63888543621502
2023.5,106.1688,0.9661,,2.09744018861108,,-1.69899729318257
2023.58333333333,106.3955,0.95835,,2.16646819267271,,-1.74639072680835
2023.66666666667,106.3136,0.95969,,2.14154740234224,,-1.73816890680077
2023.75,106.4112,0.95518,190796.779081803,2.17124324696813,1.49723487185313,-1.76588670992189
2023.83333333333,106.1539,0.96324,,2.0928981188629,,-1.71644258902556
2023.91666666667,106.2055,0.94415,,2.10862498458225,,-1.83423076173454
